image_id,filename,label
10_1.avi_100_real,10_1.avi_100_real.jpg,0
10_1.avi_25_real,10_1.avi_25_real.jpg,0
10_1.avi_50_real,10_1.avi_50_real.jpg,0
10_1.avi_75_real,10_1.avi_75_real.jpg,0
10_2.avi_100_real,10_2.avi_100_real.jpg,0
10_2.avi_125_real,10_2.avi_125_real.jpg,0
10_2.avi_25_real,10_2.avi_25_real.jpg,0
10_2.avi_50_real,10_2.avi_50_real.jpg,0
10_2.avi_75_real,10_2.avi_75_real.jpg,0
10_3.avi_25_fake,10_3.avi_25_fake.jpg,1
10_3.avi_50_fake,10_3.avi_50_fake.jpg,1
10_3.avi_75_fake,10_3.avi_75_fake.jpg,1
10_4.avi_100_fake,10_4.avi_100_fake.jpg,1
10_4.avi_125_fake,10_4.avi_125_fake.jpg,1
10_4.avi_150_fake,10_4.avi_150_fake.jpg,1
10_4.avi_175_fake,10_4.avi_175_fake.jpg,1
10_4.avi_25_fake,10_4.avi_25_fake.jpg,1
10_4.avi_50_fake,10_4.avi_50_fake.jpg,1
10_4.avi_75_fake,10_4.avi_75_fake.jpg,1
10_5.avi_100_fake,10_5.avi_100_fake.jpg,1
10_5.avi_125_fake,10_5.avi_125_fake.jpg,1
10_5.avi_150_fake,10_5.avi_150_fake.jpg,1
10_5.avi_25_fake,10_5.avi_25_fake.jpg,1
10_5.avi_50_fake,10_5.avi_50_fake.jpg,1
10_5.avi_75_fake,10_5.avi_75_fake.jpg,1
10_6.avi_100_fake,10_6.avi_100_fake.jpg,1
10_6.avi_125_fake,10_6.avi_125_fake.jpg,1
10_6.avi_150_fake,10_6.avi_150_fake.jpg,1
10_6.avi_175_fake,10_6.avi_175_fake.jpg,1
10_6.avi_25_fake,10_6.avi_25_fake.jpg,1
10_6.avi_50_fake,10_6.avi_50_fake.jpg,1
10_6.avi_75_fake,10_6.avi_75_fake.jpg,1
10_7.avi_100_fake,10_7.avi_100_fake.jpg,1
10_7.avi_125_fake,10_7.avi_125_fake.jpg,1
10_7.avi_150_fake,10_7.avi_150_fake.jpg,1
10_7.avi_175_fake,10_7.avi_175_fake.jpg,1
10_7.avi_25_fake,10_7.avi_25_fake.jpg,1
10_7.avi_50_fake,10_7.avi_50_fake.jpg,1
10_7.avi_75_fake,10_7.avi_75_fake.jpg,1
10_8.avi_100_fake,10_8.avi_100_fake.jpg,1
10_8.avi_125_fake,10_8.avi_125_fake.jpg,1
10_8.avi_150_fake,10_8.avi_150_fake.jpg,1
10_8.avi_25_fake,10_8.avi_25_fake.jpg,1
10_8.avi_50_fake,10_8.avi_50_fake.jpg,1
10_8.avi_75_fake,10_8.avi_75_fake.jpg,1
10_HR_1.avi_100_real,10_HR_1.avi_100_real.jpg,0
10_HR_1.avi_125_real,10_HR_1.avi_125_real.jpg,0
10_HR_1.avi_150_real,10_HR_1.avi_150_real.jpg,0
10_HR_1.avi_175_real,10_HR_1.avi_175_real.jpg,0
10_HR_1.avi_25_real,10_HR_1.avi_25_real.jpg,0
10_HR_1.avi_50_real,10_HR_1.avi_50_real.jpg,0
10_HR_1.avi_75_real,10_HR_1.avi_75_real.jpg,0
10_HR_2.avi_100_fake,10_HR_2.avi_100_fake.jpg,1
10_HR_2.avi_125_fake,10_HR_2.avi_125_fake.jpg,1
10_HR_2.avi_150_fake,10_HR_2.avi_150_fake.jpg,1
10_HR_2.avi_175_fake,10_HR_2.avi_175_fake.jpg,1
10_HR_2.avi_200_fake,10_HR_2.avi_200_fake.jpg,1
10_HR_2.avi_225_fake,10_HR_2.avi_225_fake.jpg,1
10_HR_2.avi_25_fake,10_HR_2.avi_25_fake.jpg,1
10_HR_2.avi_50_fake,10_HR_2.avi_50_fake.jpg,1
10_HR_2.avi_75_fake,10_HR_2.avi_75_fake.jpg,1
10_HR_3.avi_100_fake,10_HR_3.avi_100_fake.jpg,1
10_HR_3.avi_125_fake,10_HR_3.avi_125_fake.jpg,1
10_HR_3.avi_25_fake,10_HR_3.avi_25_fake.jpg,1
10_HR_3.avi_50_fake,10_HR_3.avi_50_fake.jpg,1
10_HR_3.avi_75_fake,10_HR_3.avi_75_fake.jpg,1
10_HR_4.avi_100_fake,10_HR_4.avi_100_fake.jpg,1
10_HR_4.avi_125_fake,10_HR_4.avi_125_fake.jpg,1
10_HR_4.avi_150_fake,10_HR_4.avi_150_fake.jpg,1
10_HR_4.avi_25_fake,10_HR_4.avi_25_fake.jpg,1
10_HR_4.avi_50_fake,10_HR_4.avi_50_fake.jpg,1
10_HR_4.avi_75_fake,10_HR_4.avi_75_fake.jpg,1
11_1.avi_100_real,11_1.avi_100_real.jpg,0
11_1.avi_125_real,11_1.avi_125_real.jpg,0
11_1.avi_150_real,11_1.avi_150_real.jpg,0
11_1.avi_25_real,11_1.avi_25_real.jpg,0
11_1.avi_50_real,11_1.avi_50_real.jpg,0
11_1.avi_75_real,11_1.avi_75_real.jpg,0
11_2.avi_100_real,11_2.avi_100_real.jpg,0
11_2.avi_125_real,11_2.avi_125_real.jpg,0
11_2.avi_150_real,11_2.avi_150_real.jpg,0
11_2.avi_175_real,11_2.avi_175_real.jpg,0
11_2.avi_25_real,11_2.avi_25_real.jpg,0
11_2.avi_50_real,11_2.avi_50_real.jpg,0
11_2.avi_75_real,11_2.avi_75_real.jpg,0
11_3.avi_100_fake,11_3.avi_100_fake.jpg,1
11_3.avi_125_fake,11_3.avi_125_fake.jpg,1
11_3.avi_150_fake,11_3.avi_150_fake.jpg,1
11_3.avi_175_fake,11_3.avi_175_fake.jpg,1
11_3.avi_200_fake,11_3.avi_200_fake.jpg,1
11_3.avi_25_fake,11_3.avi_25_fake.jpg,1
11_3.avi_50_fake,11_3.avi_50_fake.jpg,1
11_3.avi_75_fake,11_3.avi_75_fake.jpg,1
11_4.avi_100_fake,11_4.avi_100_fake.jpg,1
11_4.avi_125_fake,11_4.avi_125_fake.jpg,1
11_4.avi_150_fake,11_4.avi_150_fake.jpg,1
11_4.avi_175_fake,11_4.avi_175_fake.jpg,1
11_4.avi_25_fake,11_4.avi_25_fake.jpg,1
11_4.avi_50_fake,11_4.avi_50_fake.jpg,1
11_4.avi_75_fake,11_4.avi_75_fake.jpg,1
11_5.avi_100_fake,11_5.avi_100_fake.jpg,1
11_5.avi_125_fake,11_5.avi_125_fake.jpg,1
11_5.avi_150_fake,11_5.avi_150_fake.jpg,1
11_5.avi_25_fake,11_5.avi_25_fake.jpg,1
11_5.avi_50_fake,11_5.avi_50_fake.jpg,1
11_5.avi_75_fake,11_5.avi_75_fake.jpg,1
11_6.avi_100_fake,11_6.avi_100_fake.jpg,1
11_6.avi_125_fake,11_6.avi_125_fake.jpg,1
11_6.avi_150_fake,11_6.avi_150_fake.jpg,1
11_6.avi_175_fake,11_6.avi_175_fake.jpg,1
11_6.avi_25_fake,11_6.avi_25_fake.jpg,1
11_6.avi_50_fake,11_6.avi_50_fake.jpg,1
11_6.avi_75_fake,11_6.avi_75_fake.jpg,1
11_7.avi_100_fake,11_7.avi_100_fake.jpg,1
11_7.avi_125_fake,11_7.avi_125_fake.jpg,1
11_7.avi_150_fake,11_7.avi_150_fake.jpg,1
11_7.avi_175_fake,11_7.avi_175_fake.jpg,1
11_7.avi_200_fake,11_7.avi_200_fake.jpg,1
11_7.avi_225_fake,11_7.avi_225_fake.jpg,1
11_7.avi_250_fake,11_7.avi_250_fake.jpg,1
11_7.avi_25_fake,11_7.avi_25_fake.jpg,1
11_7.avi_275_fake,11_7.avi_275_fake.jpg,1
11_7.avi_300_fake,11_7.avi_300_fake.jpg,1
11_7.avi_50_fake,11_7.avi_50_fake.jpg,1
11_7.avi_75_fake,11_7.avi_75_fake.jpg,1
11_8.avi_100_fake,11_8.avi_100_fake.jpg,1
11_8.avi_125_fake,11_8.avi_125_fake.jpg,1
11_8.avi_25_fake,11_8.avi_25_fake.jpg,1
11_8.avi_50_fake,11_8.avi_50_fake.jpg,1
11_8.avi_75_fake,11_8.avi_75_fake.jpg,1
11_HR_1.avi_100_real,11_HR_1.avi_100_real.jpg,0
11_HR_1.avi_125_real,11_HR_1.avi_125_real.jpg,0
11_HR_1.avi_150_real,11_HR_1.avi_150_real.jpg,0
11_HR_1.avi_175_real,11_HR_1.avi_175_real.jpg,0
11_HR_1.avi_200_real,11_HR_1.avi_200_real.jpg,0
11_HR_1.avi_225_real,11_HR_1.avi_225_real.jpg,0
11_HR_1.avi_250_real,11_HR_1.avi_250_real.jpg,0
11_HR_1.avi_25_real,11_HR_1.avi_25_real.jpg,0
11_HR_1.avi_275_real,11_HR_1.avi_275_real.jpg,0
11_HR_1.avi_300_real,11_HR_1.avi_300_real.jpg,0
11_HR_1.avi_325_real,11_HR_1.avi_325_real.jpg,0
11_HR_1.avi_50_real,11_HR_1.avi_50_real.jpg,0
11_HR_1.avi_75_real,11_HR_1.avi_75_real.jpg,0
11_HR_2.avi_100_fake,11_HR_2.avi_100_fake.jpg,1
11_HR_2.avi_125_fake,11_HR_2.avi_125_fake.jpg,1
11_HR_2.avi_150_fake,11_HR_2.avi_150_fake.jpg,1
11_HR_2.avi_175_fake,11_HR_2.avi_175_fake.jpg,1
11_HR_2.avi_200_fake,11_HR_2.avi_200_fake.jpg,1
11_HR_2.avi_25_fake,11_HR_2.avi_25_fake.jpg,1
11_HR_2.avi_50_fake,11_HR_2.avi_50_fake.jpg,1
11_HR_2.avi_75_fake,11_HR_2.avi_75_fake.jpg,1
11_HR_3.avi_100_fake,11_HR_3.avi_100_fake.jpg,1
11_HR_3.avi_125_fake,11_HR_3.avi_125_fake.jpg,1
11_HR_3.avi_150_fake,11_HR_3.avi_150_fake.jpg,1
11_HR_3.avi_25_fake,11_HR_3.avi_25_fake.jpg,1
11_HR_3.avi_50_fake,11_HR_3.avi_50_fake.jpg,1
11_HR_3.avi_75_fake,11_HR_3.avi_75_fake.jpg,1
11_HR_4.avi_100_fake,11_HR_4.avi_100_fake.jpg,1
11_HR_4.avi_125_fake,11_HR_4.avi_125_fake.jpg,1
11_HR_4.avi_150_fake,11_HR_4.avi_150_fake.jpg,1
11_HR_4.avi_175_fake,11_HR_4.avi_175_fake.jpg,1
11_HR_4.avi_200_fake,11_HR_4.avi_200_fake.jpg,1
11_HR_4.avi_225_fake,11_HR_4.avi_225_fake.jpg,1
11_HR_4.avi_250_fake,11_HR_4.avi_250_fake.jpg,1
11_HR_4.avi_25_fake,11_HR_4.avi_25_fake.jpg,1
11_HR_4.avi_275_fake,11_HR_4.avi_275_fake.jpg,1
11_HR_4.avi_300_fake,11_HR_4.avi_300_fake.jpg,1
11_HR_4.avi_50_fake,11_HR_4.avi_50_fake.jpg,1
11_HR_4.avi_75_fake,11_HR_4.avi_75_fake.jpg,1
12_1.avi_100_real,12_1.avi_100_real.jpg,0
12_1.avi_125_real,12_1.avi_125_real.jpg,0
12_1.avi_150_real,12_1.avi_150_real.jpg,0
12_1.avi_175_real,12_1.avi_175_real.jpg,0
12_1.avi_200_real,12_1.avi_200_real.jpg,0
12_1.avi_25_real,12_1.avi_25_real.jpg,0
12_1.avi_50_real,12_1.avi_50_real.jpg,0
12_1.avi_75_real,12_1.avi_75_real.jpg,0
12_2.avi_100_real,12_2.avi_100_real.jpg,0
12_2.avi_125_real,12_2.avi_125_real.jpg,0
12_2.avi_150_real,12_2.avi_150_real.jpg,0
12_2.avi_175_real,12_2.avi_175_real.jpg,0
12_2.avi_25_real,12_2.avi_25_real.jpg,0
12_2.avi_50_real,12_2.avi_50_real.jpg,0
12_2.avi_75_real,12_2.avi_75_real.jpg,0
12_3.avi_100_fake,12_3.avi_100_fake.jpg,1
12_3.avi_125_fake,12_3.avi_125_fake.jpg,1
12_3.avi_150_fake,12_3.avi_150_fake.jpg,1
12_3.avi_175_fake,12_3.avi_175_fake.jpg,1
12_3.avi_200_fake,12_3.avi_200_fake.jpg,1
12_3.avi_25_fake,12_3.avi_25_fake.jpg,1
12_3.avi_50_fake,12_3.avi_50_fake.jpg,1
12_3.avi_75_fake,12_3.avi_75_fake.jpg,1
12_4.avi_100_fake,12_4.avi_100_fake.jpg,1
12_4.avi_125_fake,12_4.avi_125_fake.jpg,1
12_4.avi_150_fake,12_4.avi_150_fake.jpg,1
12_4.avi_175_fake,12_4.avi_175_fake.jpg,1
12_4.avi_25_fake,12_4.avi_25_fake.jpg,1
12_4.avi_50_fake,12_4.avi_50_fake.jpg,1
12_4.avi_75_fake,12_4.avi_75_fake.jpg,1
12_5.avi_100_fake,12_5.avi_100_fake.jpg,1
12_5.avi_125_fake,12_5.avi_125_fake.jpg,1
12_5.avi_150_fake,12_5.avi_150_fake.jpg,1
12_5.avi_175_fake,12_5.avi_175_fake.jpg,1
12_5.avi_25_fake,12_5.avi_25_fake.jpg,1
12_5.avi_50_fake,12_5.avi_50_fake.jpg,1
12_5.avi_75_fake,12_5.avi_75_fake.jpg,1
12_6.avi_100_fake,12_6.avi_100_fake.jpg,1
12_6.avi_125_fake,12_6.avi_125_fake.jpg,1
12_6.avi_150_fake,12_6.avi_150_fake.jpg,1
12_6.avi_175_fake,12_6.avi_175_fake.jpg,1
12_6.avi_25_fake,12_6.avi_25_fake.jpg,1
12_6.avi_50_fake,12_6.avi_50_fake.jpg,1
12_6.avi_75_fake,12_6.avi_75_fake.jpg,1
12_7.avi_100_fake,12_7.avi_100_fake.jpg,1
12_7.avi_125_fake,12_7.avi_125_fake.jpg,1
12_7.avi_150_fake,12_7.avi_150_fake.jpg,1
12_7.avi_175_fake,12_7.avi_175_fake.jpg,1
12_7.avi_200_fake,12_7.avi_200_fake.jpg,1
12_7.avi_225_fake,12_7.avi_225_fake.jpg,1
12_7.avi_250_fake,12_7.avi_250_fake.jpg,1
12_7.avi_25_fake,12_7.avi_25_fake.jpg,1
12_7.avi_275_fake,12_7.avi_275_fake.jpg,1
12_7.avi_300_fake,12_7.avi_300_fake.jpg,1
12_7.avi_325_fake,12_7.avi_325_fake.jpg,1
12_7.avi_350_fake,12_7.avi_350_fake.jpg,1
12_7.avi_375_fake,12_7.avi_375_fake.jpg,1
12_7.avi_50_fake,12_7.avi_50_fake.jpg,1
12_7.avi_75_fake,12_7.avi_75_fake.jpg,1
12_8.avi_100_fake,12_8.avi_100_fake.jpg,1
12_8.avi_125_fake,12_8.avi_125_fake.jpg,1
12_8.avi_150_fake,12_8.avi_150_fake.jpg,1
12_8.avi_175_fake,12_8.avi_175_fake.jpg,1
12_8.avi_25_fake,12_8.avi_25_fake.jpg,1
12_8.avi_50_fake,12_8.avi_50_fake.jpg,1
12_8.avi_75_fake,12_8.avi_75_fake.jpg,1
12_HR_1.avi_100_real,12_HR_1.avi_100_real.jpg,0
12_HR_1.avi_125_real,12_HR_1.avi_125_real.jpg,0
12_HR_1.avi_150_real,12_HR_1.avi_150_real.jpg,0
12_HR_1.avi_175_real,12_HR_1.avi_175_real.jpg,0
12_HR_1.avi_200_real,12_HR_1.avi_200_real.jpg,0
12_HR_1.avi_225_real,12_HR_1.avi_225_real.jpg,0
12_HR_1.avi_250_real,12_HR_1.avi_250_real.jpg,0
12_HR_1.avi_25_real,12_HR_1.avi_25_real.jpg,0
12_HR_1.avi_275_real,12_HR_1.avi_275_real.jpg,0
12_HR_1.avi_300_real,12_HR_1.avi_300_real.jpg,0
12_HR_1.avi_325_real,12_HR_1.avi_325_real.jpg,0
12_HR_1.avi_350_real,12_HR_1.avi_350_real.jpg,0
12_HR_1.avi_375_real,12_HR_1.avi_375_real.jpg,0
12_HR_1.avi_50_real,12_HR_1.avi_50_real.jpg,0
12_HR_1.avi_75_real,12_HR_1.avi_75_real.jpg,0
12_HR_2.avi_100_fake,12_HR_2.avi_100_fake.jpg,1
12_HR_2.avi_125_fake,12_HR_2.avi_125_fake.jpg,1
12_HR_2.avi_150_fake,12_HR_2.avi_150_fake.jpg,1
12_HR_2.avi_175_fake,12_HR_2.avi_175_fake.jpg,1
12_HR_2.avi_200_fake,12_HR_2.avi_200_fake.jpg,1
12_HR_2.avi_225_fake,12_HR_2.avi_225_fake.jpg,1
12_HR_2.avi_250_fake,12_HR_2.avi_250_fake.jpg,1
12_HR_2.avi_25_fake,12_HR_2.avi_25_fake.jpg,1
12_HR_2.avi_50_fake,12_HR_2.avi_50_fake.jpg,1
12_HR_2.avi_75_fake,12_HR_2.avi_75_fake.jpg,1
12_HR_3.avi_100_fake,12_HR_3.avi_100_fake.jpg,1
12_HR_3.avi_25_fake,12_HR_3.avi_25_fake.jpg,1
12_HR_3.avi_50_fake,12_HR_3.avi_50_fake.jpg,1
12_HR_3.avi_75_fake,12_HR_3.avi_75_fake.jpg,1
12_HR_4.avi_100_fake,12_HR_4.avi_100_fake.jpg,1
12_HR_4.avi_125_fake,12_HR_4.avi_125_fake.jpg,1
12_HR_4.avi_150_fake,12_HR_4.avi_150_fake.jpg,1
12_HR_4.avi_175_fake,12_HR_4.avi_175_fake.jpg,1
12_HR_4.avi_200_fake,12_HR_4.avi_200_fake.jpg,1
12_HR_4.avi_225_fake,12_HR_4.avi_225_fake.jpg,1
12_HR_4.avi_250_fake,12_HR_4.avi_250_fake.jpg,1
12_HR_4.avi_25_fake,12_HR_4.avi_25_fake.jpg,1
12_HR_4.avi_275_fake,12_HR_4.avi_275_fake.jpg,1
12_HR_4.avi_300_fake,12_HR_4.avi_300_fake.jpg,1
12_HR_4.avi_325_fake,12_HR_4.avi_325_fake.jpg,1
12_HR_4.avi_350_fake,12_HR_4.avi_350_fake.jpg,1
12_HR_4.avi_50_fake,12_HR_4.avi_50_fake.jpg,1
12_HR_4.avi_75_fake,12_HR_4.avi_75_fake.jpg,1
13_1.avi_100_real,13_1.avi_100_real.jpg,0
13_1.avi_125_real,13_1.avi_125_real.jpg,0
13_1.avi_150_real,13_1.avi_150_real.jpg,0
13_1.avi_25_real,13_1.avi_25_real.jpg,0
13_1.avi_50_real,13_1.avi_50_real.jpg,0
13_1.avi_75_real,13_1.avi_75_real.jpg,0
13_2.avi_100_real,13_2.avi_100_real.jpg,0
13_2.avi_125_real,13_2.avi_125_real.jpg,0
13_2.avi_25_real,13_2.avi_25_real.jpg,0
13_2.avi_50_real,13_2.avi_50_real.jpg,0
13_2.avi_75_real,13_2.avi_75_real.jpg,0
13_3.avi_100_fake,13_3.avi_100_fake.jpg,1
13_3.avi_125_fake,13_3.avi_125_fake.jpg,1
13_3.avi_150_fake,13_3.avi_150_fake.jpg,1
13_3.avi_175_fake,13_3.avi_175_fake.jpg,1
13_3.avi_200_fake,13_3.avi_200_fake.jpg,1
13_3.avi_25_fake,13_3.avi_25_fake.jpg,1
13_3.avi_50_fake,13_3.avi_50_fake.jpg,1
13_3.avi_75_fake,13_3.avi_75_fake.jpg,1
13_4.avi_100_fake,13_4.avi_100_fake.jpg,1
13_4.avi_125_fake,13_4.avi_125_fake.jpg,1
13_4.avi_150_fake,13_4.avi_150_fake.jpg,1
13_4.avi_175_fake,13_4.avi_175_fake.jpg,1
13_4.avi_200_fake,13_4.avi_200_fake.jpg,1
13_4.avi_25_fake,13_4.avi_25_fake.jpg,1
13_4.avi_50_fake,13_4.avi_50_fake.jpg,1
13_4.avi_75_fake,13_4.avi_75_fake.jpg,1
13_5.avi_100_fake,13_5.avi_100_fake.jpg,1
13_5.avi_125_fake,13_5.avi_125_fake.jpg,1
13_5.avi_25_fake,13_5.avi_25_fake.jpg,1
13_5.avi_50_fake,13_5.avi_50_fake.jpg,1
13_5.avi_75_fake,13_5.avi_75_fake.jpg,1
13_6.avi_100_fake,13_6.avi_100_fake.jpg,1
13_6.avi_125_fake,13_6.avi_125_fake.jpg,1
13_6.avi_150_fake,13_6.avi_150_fake.jpg,1
13_6.avi_175_fake,13_6.avi_175_fake.jpg,1
13_6.avi_25_fake,13_6.avi_25_fake.jpg,1
13_6.avi_50_fake,13_6.avi_50_fake.jpg,1
13_6.avi_75_fake,13_6.avi_75_fake.jpg,1
13_7.avi_100_fake,13_7.avi_100_fake.jpg,1
13_7.avi_125_fake,13_7.avi_125_fake.jpg,1
13_7.avi_150_fake,13_7.avi_150_fake.jpg,1
13_7.avi_25_fake,13_7.avi_25_fake.jpg,1
13_7.avi_50_fake,13_7.avi_50_fake.jpg,1
13_7.avi_75_fake,13_7.avi_75_fake.jpg,1
13_8.avi_100_fake,13_8.avi_100_fake.jpg,1
13_8.avi_125_fake,13_8.avi_125_fake.jpg,1
13_8.avi_25_fake,13_8.avi_25_fake.jpg,1
13_8.avi_50_fake,13_8.avi_50_fake.jpg,1
13_8.avi_75_fake,13_8.avi_75_fake.jpg,1
13_HR_1.avi_100_real,13_HR_1.avi_100_real.jpg,0
13_HR_1.avi_125_real,13_HR_1.avi_125_real.jpg,0
13_HR_1.avi_150_real,13_HR_1.avi_150_real.jpg,0
13_HR_1.avi_25_real,13_HR_1.avi_25_real.jpg,0
13_HR_1.avi_50_real,13_HR_1.avi_50_real.jpg,0
13_HR_1.avi_75_real,13_HR_1.avi_75_real.jpg,0
13_HR_2.avi_100_fake,13_HR_2.avi_100_fake.jpg,1
13_HR_2.avi_125_fake,13_HR_2.avi_125_fake.jpg,1
13_HR_2.avi_150_fake,13_HR_2.avi_150_fake.jpg,1
13_HR_2.avi_175_fake,13_HR_2.avi_175_fake.jpg,1
13_HR_2.avi_200_fake,13_HR_2.avi_200_fake.jpg,1
13_HR_2.avi_225_fake,13_HR_2.avi_225_fake.jpg,1
13_HR_2.avi_250_fake,13_HR_2.avi_250_fake.jpg,1
13_HR_2.avi_25_fake,13_HR_2.avi_25_fake.jpg,1
13_HR_2.avi_275_fake,13_HR_2.avi_275_fake.jpg,1
13_HR_2.avi_300_fake,13_HR_2.avi_300_fake.jpg,1
13_HR_2.avi_325_fake,13_HR_2.avi_325_fake.jpg,1
13_HR_2.avi_50_fake,13_HR_2.avi_50_fake.jpg,1
13_HR_2.avi_75_fake,13_HR_2.avi_75_fake.jpg,1
13_HR_3.avi_100_fake,13_HR_3.avi_100_fake.jpg,1
13_HR_3.avi_125_fake,13_HR_3.avi_125_fake.jpg,1
13_HR_3.avi_25_fake,13_HR_3.avi_25_fake.jpg,1
13_HR_3.avi_50_fake,13_HR_3.avi_50_fake.jpg,1
13_HR_3.avi_75_fake,13_HR_3.avi_75_fake.jpg,1
13_HR_4.avi_100_fake,13_HR_4.avi_100_fake.jpg,1
13_HR_4.avi_125_fake,13_HR_4.avi_125_fake.jpg,1
13_HR_4.avi_150_fake,13_HR_4.avi_150_fake.jpg,1
13_HR_4.avi_25_fake,13_HR_4.avi_25_fake.jpg,1
13_HR_4.avi_50_fake,13_HR_4.avi_50_fake.jpg,1
13_HR_4.avi_75_fake,13_HR_4.avi_75_fake.jpg,1
14_1.avi_100_real,14_1.avi_100_real.jpg,0
14_1.avi_125_real,14_1.avi_125_real.jpg,0
14_1.avi_150_real,14_1.avi_150_real.jpg,0
14_1.avi_175_real,14_1.avi_175_real.jpg,0
14_1.avi_25_real,14_1.avi_25_real.jpg,0
14_1.avi_50_real,14_1.avi_50_real.jpg,0
14_1.avi_75_real,14_1.avi_75_real.jpg,0
14_2.avi_100_real,14_2.avi_100_real.jpg,0
14_2.avi_125_real,14_2.avi_125_real.jpg,0
14_2.avi_25_real,14_2.avi_25_real.jpg,0
14_2.avi_50_real,14_2.avi_50_real.jpg,0
14_2.avi_75_real,14_2.avi_75_real.jpg,0
14_3.avi_100_fake,14_3.avi_100_fake.jpg,1
14_3.avi_125_fake,14_3.avi_125_fake.jpg,1
14_3.avi_150_fake,14_3.avi_150_fake.jpg,1
14_3.avi_175_fake,14_3.avi_175_fake.jpg,1
14_3.avi_200_fake,14_3.avi_200_fake.jpg,1
14_3.avi_225_fake,14_3.avi_225_fake.jpg,1
14_3.avi_25_fake,14_3.avi_25_fake.jpg,1
14_3.avi_50_fake,14_3.avi_50_fake.jpg,1
14_3.avi_75_fake,14_3.avi_75_fake.jpg,1
14_4.avi_100_fake,14_4.avi_100_fake.jpg,1
14_4.avi_125_fake,14_4.avi_125_fake.jpg,1
14_4.avi_150_fake,14_4.avi_150_fake.jpg,1
14_4.avi_175_fake,14_4.avi_175_fake.jpg,1
14_4.avi_25_fake,14_4.avi_25_fake.jpg,1
14_4.avi_50_fake,14_4.avi_50_fake.jpg,1
14_4.avi_75_fake,14_4.avi_75_fake.jpg,1
14_5.avi_100_fake,14_5.avi_100_fake.jpg,1
14_5.avi_125_fake,14_5.avi_125_fake.jpg,1
14_5.avi_150_fake,14_5.avi_150_fake.jpg,1
14_5.avi_25_fake,14_5.avi_25_fake.jpg,1
14_5.avi_50_fake,14_5.avi_50_fake.jpg,1
14_5.avi_75_fake,14_5.avi_75_fake.jpg,1
14_6.avi_100_fake,14_6.avi_100_fake.jpg,1
14_6.avi_125_fake,14_6.avi_125_fake.jpg,1
14_6.avi_150_fake,14_6.avi_150_fake.jpg,1
14_6.avi_175_fake,14_6.avi_175_fake.jpg,1
14_6.avi_25_fake,14_6.avi_25_fake.jpg,1
14_6.avi_50_fake,14_6.avi_50_fake.jpg,1
14_6.avi_75_fake,14_6.avi_75_fake.jpg,1
14_7.avi_100_fake,14_7.avi_100_fake.jpg,1
14_7.avi_125_fake,14_7.avi_125_fake.jpg,1
14_7.avi_150_fake,14_7.avi_150_fake.jpg,1
14_7.avi_25_fake,14_7.avi_25_fake.jpg,1
14_7.avi_50_fake,14_7.avi_50_fake.jpg,1
14_7.avi_75_fake,14_7.avi_75_fake.jpg,1
14_8.avi_100_fake,14_8.avi_100_fake.jpg,1
14_8.avi_125_fake,14_8.avi_125_fake.jpg,1
14_8.avi_25_fake,14_8.avi_25_fake.jpg,1
14_8.avi_50_fake,14_8.avi_50_fake.jpg,1
14_8.avi_75_fake,14_8.avi_75_fake.jpg,1
14_HR_1.avi_100_real,14_HR_1.avi_100_real.jpg,0
14_HR_1.avi_125_real,14_HR_1.avi_125_real.jpg,0
14_HR_1.avi_150_real,14_HR_1.avi_150_real.jpg,0
14_HR_1.avi_25_real,14_HR_1.avi_25_real.jpg,0
14_HR_1.avi_50_real,14_HR_1.avi_50_real.jpg,0
14_HR_1.avi_75_real,14_HR_1.avi_75_real.jpg,0
14_HR_2.avi_100_fake,14_HR_2.avi_100_fake.jpg,1
14_HR_2.avi_125_fake,14_HR_2.avi_125_fake.jpg,1
14_HR_2.avi_150_fake,14_HR_2.avi_150_fake.jpg,1
14_HR_2.avi_175_fake,14_HR_2.avi_175_fake.jpg,1
14_HR_2.avi_200_fake,14_HR_2.avi_200_fake.jpg,1
14_HR_2.avi_225_fake,14_HR_2.avi_225_fake.jpg,1
14_HR_2.avi_250_fake,14_HR_2.avi_250_fake.jpg,1
14_HR_2.avi_25_fake,14_HR_2.avi_25_fake.jpg,1
14_HR_2.avi_50_fake,14_HR_2.avi_50_fake.jpg,1
14_HR_2.avi_75_fake,14_HR_2.avi_75_fake.jpg,1
14_HR_3.avi_100_fake,14_HR_3.avi_100_fake.jpg,1
14_HR_3.avi_25_fake,14_HR_3.avi_25_fake.jpg,1
14_HR_3.avi_50_fake,14_HR_3.avi_50_fake.jpg,1
14_HR_3.avi_75_fake,14_HR_3.avi_75_fake.jpg,1
14_HR_4.avi_100_fake,14_HR_4.avi_100_fake.jpg,1
14_HR_4.avi_125_fake,14_HR_4.avi_125_fake.jpg,1
14_HR_4.avi_150_fake,14_HR_4.avi_150_fake.jpg,1
14_HR_4.avi_25_fake,14_HR_4.avi_25_fake.jpg,1
14_HR_4.avi_50_fake,14_HR_4.avi_50_fake.jpg,1
14_HR_4.avi_75_fake,14_HR_4.avi_75_fake.jpg,1
15_1.avi_100_real,15_1.avi_100_real.jpg,0
15_1.avi_125_real,15_1.avi_125_real.jpg,0
15_1.avi_25_real,15_1.avi_25_real.jpg,0
15_1.avi_50_real,15_1.avi_50_real.jpg,0
15_1.avi_75_real,15_1.avi_75_real.jpg,0
15_2.avi_100_real,15_2.avi_100_real.jpg,0
15_2.avi_125_real,15_2.avi_125_real.jpg,0
15_2.avi_150_real,15_2.avi_150_real.jpg,0
15_2.avi_175_real,15_2.avi_175_real.jpg,0
15_2.avi_25_real,15_2.avi_25_real.jpg,0
15_2.avi_50_real,15_2.avi_50_real.jpg,0
15_2.avi_75_real,15_2.avi_75_real.jpg,0
15_3.avi_100_fake,15_3.avi_100_fake.jpg,1
15_3.avi_125_fake,15_3.avi_125_fake.jpg,1
15_3.avi_150_fake,15_3.avi_150_fake.jpg,1
15_3.avi_25_fake,15_3.avi_25_fake.jpg,1
15_3.avi_50_fake,15_3.avi_50_fake.jpg,1
15_3.avi_75_fake,15_3.avi_75_fake.jpg,1
15_4.avi_100_fake,15_4.avi_100_fake.jpg,1
15_4.avi_125_fake,15_4.avi_125_fake.jpg,1
15_4.avi_150_fake,15_4.avi_150_fake.jpg,1
15_4.avi_175_fake,15_4.avi_175_fake.jpg,1
15_4.avi_25_fake,15_4.avi_25_fake.jpg,1
15_4.avi_50_fake,15_4.avi_50_fake.jpg,1
15_4.avi_75_fake,15_4.avi_75_fake.jpg,1
15_5.avi_100_fake,15_5.avi_100_fake.jpg,1
15_5.avi_125_fake,15_5.avi_125_fake.jpg,1
15_5.avi_25_fake,15_5.avi_25_fake.jpg,1
15_5.avi_50_fake,15_5.avi_50_fake.jpg,1
15_5.avi_75_fake,15_5.avi_75_fake.jpg,1
15_6.avi_100_fake,15_6.avi_100_fake.jpg,1
15_6.avi_125_fake,15_6.avi_125_fake.jpg,1
15_6.avi_150_fake,15_6.avi_150_fake.jpg,1
15_6.avi_175_fake,15_6.avi_175_fake.jpg,1
15_6.avi_25_fake,15_6.avi_25_fake.jpg,1
15_6.avi_50_fake,15_6.avi_50_fake.jpg,1
15_6.avi_75_fake,15_6.avi_75_fake.jpg,1
15_7.avi_100_fake,15_7.avi_100_fake.jpg,1
15_7.avi_125_fake,15_7.avi_125_fake.jpg,1
15_7.avi_25_fake,15_7.avi_25_fake.jpg,1
15_7.avi_50_fake,15_7.avi_50_fake.jpg,1
15_7.avi_75_fake,15_7.avi_75_fake.jpg,1
15_8.avi_100_fake,15_8.avi_100_fake.jpg,1
15_8.avi_25_fake,15_8.avi_25_fake.jpg,1
15_8.avi_50_fake,15_8.avi_50_fake.jpg,1
15_8.avi_75_fake,15_8.avi_75_fake.jpg,1
15_HR_1.avi_100_real,15_HR_1.avi_100_real.jpg,0
15_HR_1.avi_125_real,15_HR_1.avi_125_real.jpg,0
15_HR_1.avi_25_real,15_HR_1.avi_25_real.jpg,0
15_HR_1.avi_50_real,15_HR_1.avi_50_real.jpg,0
15_HR_1.avi_75_real,15_HR_1.avi_75_real.jpg,0
15_HR_2.avi_100_fake,15_HR_2.avi_100_fake.jpg,1
15_HR_2.avi_125_fake,15_HR_2.avi_125_fake.jpg,1
15_HR_2.avi_150_fake,15_HR_2.avi_150_fake.jpg,1
15_HR_2.avi_175_fake,15_HR_2.avi_175_fake.jpg,1
15_HR_2.avi_200_fake,15_HR_2.avi_200_fake.jpg,1
15_HR_2.avi_225_fake,15_HR_2.avi_225_fake.jpg,1
15_HR_2.avi_25_fake,15_HR_2.avi_25_fake.jpg,1
15_HR_2.avi_50_fake,15_HR_2.avi_50_fake.jpg,1
15_HR_2.avi_75_fake,15_HR_2.avi_75_fake.jpg,1
15_HR_3.avi_100_fake,15_HR_3.avi_100_fake.jpg,1
15_HR_3.avi_25_fake,15_HR_3.avi_25_fake.jpg,1
15_HR_3.avi_50_fake,15_HR_3.avi_50_fake.jpg,1
15_HR_3.avi_75_fake,15_HR_3.avi_75_fake.jpg,1
15_HR_4.avi_100_fake,15_HR_4.avi_100_fake.jpg,1
15_HR_4.avi_125_fake,15_HR_4.avi_125_fake.jpg,1
15_HR_4.avi_25_fake,15_HR_4.avi_25_fake.jpg,1
15_HR_4.avi_50_fake,15_HR_4.avi_50_fake.jpg,1
15_HR_4.avi_75_fake,15_HR_4.avi_75_fake.jpg,1
16_1.avi_100_real,16_1.avi_100_real.jpg,0
16_1.avi_125_real,16_1.avi_125_real.jpg,0
16_1.avi_150_real,16_1.avi_150_real.jpg,0
16_1.avi_25_real,16_1.avi_25_real.jpg,0
16_1.avi_50_real,16_1.avi_50_real.jpg,0
16_1.avi_75_real,16_1.avi_75_real.jpg,0
16_2.avi_100_real,16_2.avi_100_real.jpg,0
16_2.avi_125_real,16_2.avi_125_real.jpg,0
16_2.avi_25_real,16_2.avi_25_real.jpg,0
16_2.avi_50_real,16_2.avi_50_real.jpg,0
16_2.avi_75_real,16_2.avi_75_real.jpg,0
16_3.avi_100_fake,16_3.avi_100_fake.jpg,1
16_3.avi_125_fake,16_3.avi_125_fake.jpg,1
16_3.avi_150_fake,16_3.avi_150_fake.jpg,1
16_3.avi_175_fake,16_3.avi_175_fake.jpg,1
16_3.avi_25_fake,16_3.avi_25_fake.jpg,1
16_3.avi_50_fake,16_3.avi_50_fake.jpg,1
16_3.avi_75_fake,16_3.avi_75_fake.jpg,1
16_4.avi_100_fake,16_4.avi_100_fake.jpg,1
16_4.avi_125_fake,16_4.avi_125_fake.jpg,1
16_4.avi_150_fake,16_4.avi_150_fake.jpg,1
16_4.avi_175_fake,16_4.avi_175_fake.jpg,1
16_4.avi_25_fake,16_4.avi_25_fake.jpg,1
16_4.avi_50_fake,16_4.avi_50_fake.jpg,1
16_4.avi_75_fake,16_4.avi_75_fake.jpg,1
16_5.avi_100_fake,16_5.avi_100_fake.jpg,1
16_5.avi_125_fake,16_5.avi_125_fake.jpg,1
16_5.avi_150_fake,16_5.avi_150_fake.jpg,1
16_5.avi_25_fake,16_5.avi_25_fake.jpg,1
16_5.avi_50_fake,16_5.avi_50_fake.jpg,1
16_5.avi_75_fake,16_5.avi_75_fake.jpg,1
16_6.avi_100_fake,16_6.avi_100_fake.jpg,1
16_6.avi_125_fake,16_6.avi_125_fake.jpg,1
16_6.avi_150_fake,16_6.avi_150_fake.jpg,1
16_6.avi_175_fake,16_6.avi_175_fake.jpg,1
16_6.avi_25_fake,16_6.avi_25_fake.jpg,1
16_6.avi_50_fake,16_6.avi_50_fake.jpg,1
16_6.avi_75_fake,16_6.avi_75_fake.jpg,1
16_7.avi_100_fake,16_7.avi_100_fake.jpg,1
16_7.avi_125_fake,16_7.avi_125_fake.jpg,1
16_7.avi_150_fake,16_7.avi_150_fake.jpg,1
16_7.avi_25_fake,16_7.avi_25_fake.jpg,1
16_7.avi_50_fake,16_7.avi_50_fake.jpg,1
16_7.avi_75_fake,16_7.avi_75_fake.jpg,1
16_8.avi_100_fake,16_8.avi_100_fake.jpg,1
16_8.avi_125_fake,16_8.avi_125_fake.jpg,1
16_8.avi_25_fake,16_8.avi_25_fake.jpg,1
16_8.avi_50_fake,16_8.avi_50_fake.jpg,1
16_8.avi_75_fake,16_8.avi_75_fake.jpg,1
16_HR_1.avi_100_real,16_HR_1.avi_100_real.jpg,0
16_HR_1.avi_125_real,16_HR_1.avi_125_real.jpg,0
16_HR_1.avi_150_real,16_HR_1.avi_150_real.jpg,0
16_HR_1.avi_25_real,16_HR_1.avi_25_real.jpg,0
16_HR_1.avi_50_real,16_HR_1.avi_50_real.jpg,0
16_HR_1.avi_75_real,16_HR_1.avi_75_real.jpg,0
16_HR_2.avi_100_fake,16_HR_2.avi_100_fake.jpg,1
16_HR_2.avi_125_fake,16_HR_2.avi_125_fake.jpg,1
16_HR_2.avi_150_fake,16_HR_2.avi_150_fake.jpg,1
16_HR_2.avi_175_fake,16_HR_2.avi_175_fake.jpg,1
16_HR_2.avi_200_fake,16_HR_2.avi_200_fake.jpg,1
16_HR_2.avi_225_fake,16_HR_2.avi_225_fake.jpg,1
16_HR_2.avi_25_fake,16_HR_2.avi_25_fake.jpg,1
16_HR_2.avi_50_fake,16_HR_2.avi_50_fake.jpg,1
16_HR_2.avi_75_fake,16_HR_2.avi_75_fake.jpg,1
16_HR_3.avi_100_fake,16_HR_3.avi_100_fake.jpg,1
16_HR_3.avi_25_fake,16_HR_3.avi_25_fake.jpg,1
16_HR_3.avi_50_fake,16_HR_3.avi_50_fake.jpg,1
16_HR_3.avi_75_fake,16_HR_3.avi_75_fake.jpg,1
16_HR_4.avi_100_fake,16_HR_4.avi_100_fake.jpg,1
16_HR_4.avi_125_fake,16_HR_4.avi_125_fake.jpg,1
16_HR_4.avi_150_fake,16_HR_4.avi_150_fake.jpg,1
16_HR_4.avi_25_fake,16_HR_4.avi_25_fake.jpg,1
16_HR_4.avi_50_fake,16_HR_4.avi_50_fake.jpg,1
16_HR_4.avi_75_fake,16_HR_4.avi_75_fake.jpg,1
17_1.avi_25_real,17_1.avi_25_real.jpg,0
17_1.avi_50_real,17_1.avi_50_real.jpg,0
17_1.avi_75_real,17_1.avi_75_real.jpg,0
17_2.avi_100_real,17_2.avi_100_real.jpg,0
17_2.avi_125_real,17_2.avi_125_real.jpg,0
17_2.avi_25_real,17_2.avi_25_real.jpg,0
17_2.avi_50_real,17_2.avi_50_real.jpg,0
17_2.avi_75_real,17_2.avi_75_real.jpg,0
17_3.avi_100_fake,17_3.avi_100_fake.jpg,1
17_3.avi_125_fake,17_3.avi_125_fake.jpg,1
17_3.avi_150_fake,17_3.avi_150_fake.jpg,1
17_3.avi_175_fake,17_3.avi_175_fake.jpg,1
17_3.avi_25_fake,17_3.avi_25_fake.jpg,1
17_3.avi_50_fake,17_3.avi_50_fake.jpg,1
17_3.avi_75_fake,17_3.avi_75_fake.jpg,1
17_4.avi_100_fake,17_4.avi_100_fake.jpg,1
17_4.avi_125_fake,17_4.avi_125_fake.jpg,1
17_4.avi_150_fake,17_4.avi_150_fake.jpg,1
17_4.avi_175_fake,17_4.avi_175_fake.jpg,1
17_4.avi_25_fake,17_4.avi_25_fake.jpg,1
17_4.avi_50_fake,17_4.avi_50_fake.jpg,1
17_4.avi_75_fake,17_4.avi_75_fake.jpg,1
17_5.avi_100_fake,17_5.avi_100_fake.jpg,1
17_5.avi_125_fake,17_5.avi_125_fake.jpg,1
17_5.avi_150_fake,17_5.avi_150_fake.jpg,1
17_5.avi_25_fake,17_5.avi_25_fake.jpg,1
17_5.avi_50_fake,17_5.avi_50_fake.jpg,1
17_5.avi_75_fake,17_5.avi_75_fake.jpg,1
17_6.avi_100_fake,17_6.avi_100_fake.jpg,1
17_6.avi_125_fake,17_6.avi_125_fake.jpg,1
17_6.avi_150_fake,17_6.avi_150_fake.jpg,1
17_6.avi_175_fake,17_6.avi_175_fake.jpg,1
17_6.avi_25_fake,17_6.avi_25_fake.jpg,1
17_6.avi_50_fake,17_6.avi_50_fake.jpg,1
17_6.avi_75_fake,17_6.avi_75_fake.jpg,1
17_7.avi_100_fake,17_7.avi_100_fake.jpg,1
17_7.avi_125_fake,17_7.avi_125_fake.jpg,1
17_7.avi_150_fake,17_7.avi_150_fake.jpg,1
17_7.avi_175_fake,17_7.avi_175_fake.jpg,1
17_7.avi_25_fake,17_7.avi_25_fake.jpg,1
17_7.avi_50_fake,17_7.avi_50_fake.jpg,1
17_7.avi_75_fake,17_7.avi_75_fake.jpg,1
17_8.avi_100_fake,17_8.avi_100_fake.jpg,1
17_8.avi_125_fake,17_8.avi_125_fake.jpg,1
17_8.avi_150_fake,17_8.avi_150_fake.jpg,1
17_8.avi_25_fake,17_8.avi_25_fake.jpg,1
17_8.avi_50_fake,17_8.avi_50_fake.jpg,1
17_8.avi_75_fake,17_8.avi_75_fake.jpg,1
17_HR_1.avi_100_real,17_HR_1.avi_100_real.jpg,0
17_HR_1.avi_125_real,17_HR_1.avi_125_real.jpg,0
17_HR_1.avi_150_real,17_HR_1.avi_150_real.jpg,0
17_HR_1.avi_175_real,17_HR_1.avi_175_real.jpg,0
17_HR_1.avi_25_real,17_HR_1.avi_25_real.jpg,0
17_HR_1.avi_50_real,17_HR_1.avi_50_real.jpg,0
17_HR_1.avi_75_real,17_HR_1.avi_75_real.jpg,0
17_HR_2.avi_100_fake,17_HR_2.avi_100_fake.jpg,1
17_HR_2.avi_125_fake,17_HR_2.avi_125_fake.jpg,1
17_HR_2.avi_150_fake,17_HR_2.avi_150_fake.jpg,1
17_HR_2.avi_175_fake,17_HR_2.avi_175_fake.jpg,1
17_HR_2.avi_200_fake,17_HR_2.avi_200_fake.jpg,1
17_HR_2.avi_225_fake,17_HR_2.avi_225_fake.jpg,1
17_HR_2.avi_25_fake,17_HR_2.avi_25_fake.jpg,1
17_HR_2.avi_50_fake,17_HR_2.avi_50_fake.jpg,1
17_HR_2.avi_75_fake,17_HR_2.avi_75_fake.jpg,1
17_HR_3.avi_100_fake,17_HR_3.avi_100_fake.jpg,1
17_HR_3.avi_25_fake,17_HR_3.avi_25_fake.jpg,1
17_HR_3.avi_50_fake,17_HR_3.avi_50_fake.jpg,1
17_HR_3.avi_75_fake,17_HR_3.avi_75_fake.jpg,1
17_HR_4.avi_100_fake,17_HR_4.avi_100_fake.jpg,1
17_HR_4.avi_125_fake,17_HR_4.avi_125_fake.jpg,1
17_HR_4.avi_150_fake,17_HR_4.avi_150_fake.jpg,1
17_HR_4.avi_175_fake,17_HR_4.avi_175_fake.jpg,1
17_HR_4.avi_25_fake,17_HR_4.avi_25_fake.jpg,1
17_HR_4.avi_50_fake,17_HR_4.avi_50_fake.jpg,1
17_HR_4.avi_75_fake,17_HR_4.avi_75_fake.jpg,1
18_1.avi_100_real,18_1.avi_100_real.jpg,0
18_1.avi_125_real,18_1.avi_125_real.jpg,0
18_1.avi_150_real,18_1.avi_150_real.jpg,0
18_1.avi_25_real,18_1.avi_25_real.jpg,0
18_1.avi_50_real,18_1.avi_50_real.jpg,0
18_1.avi_75_real,18_1.avi_75_real.jpg,0
18_2.avi_100_real,18_2.avi_100_real.jpg,0
18_2.avi_125_real,18_2.avi_125_real.jpg,0
18_2.avi_25_real,18_2.avi_25_real.jpg,0
18_2.avi_50_real,18_2.avi_50_real.jpg,0
18_2.avi_75_real,18_2.avi_75_real.jpg,0
18_3.avi_100_fake,18_3.avi_100_fake.jpg,1
18_3.avi_125_fake,18_3.avi_125_fake.jpg,1
18_3.avi_25_fake,18_3.avi_25_fake.jpg,1
18_3.avi_50_fake,18_3.avi_50_fake.jpg,1
18_3.avi_75_fake,18_3.avi_75_fake.jpg,1
18_4.avi_100_fake,18_4.avi_100_fake.jpg,1
18_4.avi_125_fake,18_4.avi_125_fake.jpg,1
18_4.avi_150_fake,18_4.avi_150_fake.jpg,1
18_4.avi_175_fake,18_4.avi_175_fake.jpg,1
18_4.avi_25_fake,18_4.avi_25_fake.jpg,1
18_4.avi_50_fake,18_4.avi_50_fake.jpg,1
18_4.avi_75_fake,18_4.avi_75_fake.jpg,1
18_5.avi_100_fake,18_5.avi_100_fake.jpg,1
18_5.avi_125_fake,18_5.avi_125_fake.jpg,1
18_5.avi_25_fake,18_5.avi_25_fake.jpg,1
18_5.avi_50_fake,18_5.avi_50_fake.jpg,1
18_5.avi_75_fake,18_5.avi_75_fake.jpg,1
18_6.avi_100_fake,18_6.avi_100_fake.jpg,1
18_6.avi_125_fake,18_6.avi_125_fake.jpg,1
18_6.avi_150_fake,18_6.avi_150_fake.jpg,1
18_6.avi_175_fake,18_6.avi_175_fake.jpg,1
18_6.avi_25_fake,18_6.avi_25_fake.jpg,1
18_6.avi_50_fake,18_6.avi_50_fake.jpg,1
18_6.avi_75_fake,18_6.avi_75_fake.jpg,1
18_7.avi_100_fake,18_7.avi_100_fake.jpg,1
18_7.avi_125_fake,18_7.avi_125_fake.jpg,1
18_7.avi_150_fake,18_7.avi_150_fake.jpg,1
18_7.avi_25_fake,18_7.avi_25_fake.jpg,1
18_7.avi_50_fake,18_7.avi_50_fake.jpg,1
18_7.avi_75_fake,18_7.avi_75_fake.jpg,1
18_8.avi_100_fake,18_8.avi_100_fake.jpg,1
18_8.avi_125_fake,18_8.avi_125_fake.jpg,1
18_8.avi_25_fake,18_8.avi_25_fake.jpg,1
18_8.avi_50_fake,18_8.avi_50_fake.jpg,1
18_8.avi_75_fake,18_8.avi_75_fake.jpg,1
18_HR_1.avi_100_real,18_HR_1.avi_100_real.jpg,0
18_HR_1.avi_125_real,18_HR_1.avi_125_real.jpg,0
18_HR_1.avi_150_real,18_HR_1.avi_150_real.jpg,0
18_HR_1.avi_175_real,18_HR_1.avi_175_real.jpg,0
18_HR_1.avi_25_real,18_HR_1.avi_25_real.jpg,0
18_HR_1.avi_50_real,18_HR_1.avi_50_real.jpg,0
18_HR_1.avi_75_real,18_HR_1.avi_75_real.jpg,0
18_HR_2.avi_100_fake,18_HR_2.avi_100_fake.jpg,1
18_HR_2.avi_125_fake,18_HR_2.avi_125_fake.jpg,1
18_HR_2.avi_150_fake,18_HR_2.avi_150_fake.jpg,1
18_HR_2.avi_175_fake,18_HR_2.avi_175_fake.jpg,1
18_HR_2.avi_200_fake,18_HR_2.avi_200_fake.jpg,1
18_HR_2.avi_225_fake,18_HR_2.avi_225_fake.jpg,1
18_HR_2.avi_250_fake,18_HR_2.avi_250_fake.jpg,1
18_HR_2.avi_25_fake,18_HR_2.avi_25_fake.jpg,1
18_HR_2.avi_275_fake,18_HR_2.avi_275_fake.jpg,1
18_HR_2.avi_50_fake,18_HR_2.avi_50_fake.jpg,1
18_HR_2.avi_75_fake,18_HR_2.avi_75_fake.jpg,1
18_HR_3.avi_100_fake,18_HR_3.avi_100_fake.jpg,1
18_HR_3.avi_125_fake,18_HR_3.avi_125_fake.jpg,1
18_HR_3.avi_25_fake,18_HR_3.avi_25_fake.jpg,1
18_HR_3.avi_50_fake,18_HR_3.avi_50_fake.jpg,1
18_HR_3.avi_75_fake,18_HR_3.avi_75_fake.jpg,1
18_HR_4.avi_100_fake,18_HR_4.avi_100_fake.jpg,1
18_HR_4.avi_125_fake,18_HR_4.avi_125_fake.jpg,1
18_HR_4.avi_150_fake,18_HR_4.avi_150_fake.jpg,1
18_HR_4.avi_175_fake,18_HR_4.avi_175_fake.jpg,1
18_HR_4.avi_25_fake,18_HR_4.avi_25_fake.jpg,1
18_HR_4.avi_50_fake,18_HR_4.avi_50_fake.jpg,1
18_HR_4.avi_75_fake,18_HR_4.avi_75_fake.jpg,1
19_1.avi_100_real,19_1.avi_100_real.jpg,0
19_1.avi_25_real,19_1.avi_25_real.jpg,0
19_1.avi_50_real,19_1.avi_50_real.jpg,0
19_1.avi_75_real,19_1.avi_75_real.jpg,0
19_2.avi_100_real,19_2.avi_100_real.jpg,0
19_2.avi_125_real,19_2.avi_125_real.jpg,0
19_2.avi_25_real,19_2.avi_25_real.jpg,0
19_2.avi_50_real,19_2.avi_50_real.jpg,0
19_2.avi_75_real,19_2.avi_75_real.jpg,0
19_3.avi_100_fake,19_3.avi_100_fake.jpg,1
19_3.avi_125_fake,19_3.avi_125_fake.jpg,1
19_3.avi_150_fake,19_3.avi_150_fake.jpg,1
19_3.avi_175_fake,19_3.avi_175_fake.jpg,1
19_3.avi_25_fake,19_3.avi_25_fake.jpg,1
19_3.avi_50_fake,19_3.avi_50_fake.jpg,1
19_3.avi_75_fake,19_3.avi_75_fake.jpg,1
19_4.avi_100_fake,19_4.avi_100_fake.jpg,1
19_4.avi_125_fake,19_4.avi_125_fake.jpg,1
19_4.avi_150_fake,19_4.avi_150_fake.jpg,1
19_4.avi_175_fake,19_4.avi_175_fake.jpg,1
19_4.avi_25_fake,19_4.avi_25_fake.jpg,1
19_4.avi_50_fake,19_4.avi_50_fake.jpg,1
19_4.avi_75_fake,19_4.avi_75_fake.jpg,1
19_5.avi_100_fake,19_5.avi_100_fake.jpg,1
19_5.avi_125_fake,19_5.avi_125_fake.jpg,1
19_5.avi_150_fake,19_5.avi_150_fake.jpg,1
19_5.avi_25_fake,19_5.avi_25_fake.jpg,1
19_5.avi_50_fake,19_5.avi_50_fake.jpg,1
19_5.avi_75_fake,19_5.avi_75_fake.jpg,1
19_6.avi_100_fake,19_6.avi_100_fake.jpg,1
19_6.avi_125_fake,19_6.avi_125_fake.jpg,1
19_6.avi_150_fake,19_6.avi_150_fake.jpg,1
19_6.avi_175_fake,19_6.avi_175_fake.jpg,1
19_6.avi_25_fake,19_6.avi_25_fake.jpg,1
19_6.avi_50_fake,19_6.avi_50_fake.jpg,1
19_6.avi_75_fake,19_6.avi_75_fake.jpg,1
19_7.avi_100_fake,19_7.avi_100_fake.jpg,1
19_7.avi_125_fake,19_7.avi_125_fake.jpg,1
19_7.avi_150_fake,19_7.avi_150_fake.jpg,1
19_7.avi_175_fake,19_7.avi_175_fake.jpg,1
19_7.avi_25_fake,19_7.avi_25_fake.jpg,1
19_7.avi_50_fake,19_7.avi_50_fake.jpg,1
19_7.avi_75_fake,19_7.avi_75_fake.jpg,1
19_8.avi_100_fake,19_8.avi_100_fake.jpg,1
19_8.avi_125_fake,19_8.avi_125_fake.jpg,1
19_8.avi_25_fake,19_8.avi_25_fake.jpg,1
19_8.avi_50_fake,19_8.avi_50_fake.jpg,1
19_8.avi_75_fake,19_8.avi_75_fake.jpg,1
19_HR_1.avi_100_real,19_HR_1.avi_100_real.jpg,0
19_HR_1.avi_125_real,19_HR_1.avi_125_real.jpg,0
19_HR_1.avi_150_real,19_HR_1.avi_150_real.jpg,0
19_HR_1.avi_175_real,19_HR_1.avi_175_real.jpg,0
19_HR_1.avi_25_real,19_HR_1.avi_25_real.jpg,0
19_HR_1.avi_50_real,19_HR_1.avi_50_real.jpg,0
19_HR_1.avi_75_real,19_HR_1.avi_75_real.jpg,0
19_HR_2.avi_100_fake,19_HR_2.avi_100_fake.jpg,1
19_HR_2.avi_125_fake,19_HR_2.avi_125_fake.jpg,1
19_HR_2.avi_150_fake,19_HR_2.avi_150_fake.jpg,1
19_HR_2.avi_175_fake,19_HR_2.avi_175_fake.jpg,1
19_HR_2.avi_200_fake,19_HR_2.avi_200_fake.jpg,1
19_HR_2.avi_225_fake,19_HR_2.avi_225_fake.jpg,1
19_HR_2.avi_25_fake,19_HR_2.avi_25_fake.jpg,1
19_HR_2.avi_50_fake,19_HR_2.avi_50_fake.jpg,1
19_HR_2.avi_75_fake,19_HR_2.avi_75_fake.jpg,1
19_HR_3.avi_100_fake,19_HR_3.avi_100_fake.jpg,1
19_HR_3.avi_25_fake,19_HR_3.avi_25_fake.jpg,1
19_HR_3.avi_50_fake,19_HR_3.avi_50_fake.jpg,1
19_HR_3.avi_75_fake,19_HR_3.avi_75_fake.jpg,1
19_HR_4.avi_100_fake,19_HR_4.avi_100_fake.jpg,1
19_HR_4.avi_125_fake,19_HR_4.avi_125_fake.jpg,1
19_HR_4.avi_150_fake,19_HR_4.avi_150_fake.jpg,1
19_HR_4.avi_175_fake,19_HR_4.avi_175_fake.jpg,1
19_HR_4.avi_25_fake,19_HR_4.avi_25_fake.jpg,1
19_HR_4.avi_50_fake,19_HR_4.avi_50_fake.jpg,1
19_HR_4.avi_75_fake,19_HR_4.avi_75_fake.jpg,1
1_1.avi_100_real,1_1.avi_100_real.jpg,0
1_1.avi_125_real,1_1.avi_125_real.jpg,0
1_1.avi_150_real,1_1.avi_150_real.jpg,0
1_1.avi_175_real,1_1.avi_175_real.jpg,0
1_1.avi_25_real,1_1.avi_25_real.jpg,0
1_1.avi_50_real,1_1.avi_50_real.jpg,0
1_1.avi_75_real,1_1.avi_75_real.jpg,0
1_2.avi_100_real,1_2.avi_100_real.jpg,0
1_2.avi_125_real,1_2.avi_125_real.jpg,0
1_2.avi_25_real,1_2.avi_25_real.jpg,0
1_2.avi_50_real,1_2.avi_50_real.jpg,0
1_2.avi_75_real,1_2.avi_75_real.jpg,0
1_3.avi_100_fake,1_3.avi_100_fake.jpg,1
1_3.avi_125_fake,1_3.avi_125_fake.jpg,1
1_3.avi_150_fake,1_3.avi_150_fake.jpg,1
1_3.avi_175_fake,1_3.avi_175_fake.jpg,1
1_3.avi_200_fake,1_3.avi_200_fake.jpg,1
1_3.avi_225_fake,1_3.avi_225_fake.jpg,1
1_3.avi_250_fake,1_3.avi_250_fake.jpg,1
1_3.avi_25_fake,1_3.avi_25_fake.jpg,1
1_3.avi_275_fake,1_3.avi_275_fake.jpg,1
1_3.avi_300_fake,1_3.avi_300_fake.jpg,1
1_3.avi_325_fake,1_3.avi_325_fake.jpg,1
1_3.avi_50_fake,1_3.avi_50_fake.jpg,1
1_3.avi_75_fake,1_3.avi_75_fake.jpg,1
1_4.avi_100_fake,1_4.avi_100_fake.jpg,1
1_4.avi_125_fake,1_4.avi_125_fake.jpg,1
1_4.avi_150_fake,1_4.avi_150_fake.jpg,1
1_4.avi_175_fake,1_4.avi_175_fake.jpg,1
1_4.avi_200_fake,1_4.avi_200_fake.jpg,1
1_4.avi_25_fake,1_4.avi_25_fake.jpg,1
1_4.avi_50_fake,1_4.avi_50_fake.jpg,1
1_4.avi_75_fake,1_4.avi_75_fake.jpg,1
1_5.avi_100_fake,1_5.avi_100_fake.jpg,1
1_5.avi_125_fake,1_5.avi_125_fake.jpg,1
1_5.avi_150_fake,1_5.avi_150_fake.jpg,1
1_5.avi_175_fake,1_5.avi_175_fake.jpg,1
1_5.avi_200_fake,1_5.avi_200_fake.jpg,1
1_5.avi_25_fake,1_5.avi_25_fake.jpg,1
1_5.avi_50_fake,1_5.avi_50_fake.jpg,1
1_5.avi_75_fake,1_5.avi_75_fake.jpg,1
1_6.avi_100_fake,1_6.avi_100_fake.jpg,1
1_6.avi_125_fake,1_6.avi_125_fake.jpg,1
1_6.avi_150_fake,1_6.avi_150_fake.jpg,1
1_6.avi_175_fake,1_6.avi_175_fake.jpg,1
1_6.avi_25_fake,1_6.avi_25_fake.jpg,1
1_6.avi_50_fake,1_6.avi_50_fake.jpg,1
1_6.avi_75_fake,1_6.avi_75_fake.jpg,1
1_7.avi_100_fake,1_7.avi_100_fake.jpg,1
1_7.avi_125_fake,1_7.avi_125_fake.jpg,1
1_7.avi_150_fake,1_7.avi_150_fake.jpg,1
1_7.avi_175_fake,1_7.avi_175_fake.jpg,1
1_7.avi_200_fake,1_7.avi_200_fake.jpg,1
1_7.avi_225_fake,1_7.avi_225_fake.jpg,1
1_7.avi_250_fake,1_7.avi_250_fake.jpg,1
1_7.avi_25_fake,1_7.avi_25_fake.jpg,1
1_7.avi_50_fake,1_7.avi_50_fake.jpg,1
1_7.avi_75_fake,1_7.avi_75_fake.jpg,1
1_8.avi_100_fake,1_8.avi_100_fake.jpg,1
1_8.avi_125_fake,1_8.avi_125_fake.jpg,1
1_8.avi_150_fake,1_8.avi_150_fake.jpg,1
1_8.avi_175_fake,1_8.avi_175_fake.jpg,1
1_8.avi_200_fake,1_8.avi_200_fake.jpg,1
1_8.avi_25_fake,1_8.avi_25_fake.jpg,1
1_8.avi_50_fake,1_8.avi_50_fake.jpg,1
1_8.avi_75_fake,1_8.avi_75_fake.jpg,1
1_HR_1.avi_100_real,1_HR_1.avi_100_real.jpg,0
1_HR_1.avi_125_real,1_HR_1.avi_125_real.jpg,0
1_HR_1.avi_150_real,1_HR_1.avi_150_real.jpg,0
1_HR_1.avi_175_real,1_HR_1.avi_175_real.jpg,0
1_HR_1.avi_200_real,1_HR_1.avi_200_real.jpg,0
1_HR_1.avi_225_real,1_HR_1.avi_225_real.jpg,0
1_HR_1.avi_250_real,1_HR_1.avi_250_real.jpg,0
1_HR_1.avi_25_real,1_HR_1.avi_25_real.jpg,0
1_HR_1.avi_275_real,1_HR_1.avi_275_real.jpg,0
1_HR_1.avi_50_real,1_HR_1.avi_50_real.jpg,0
1_HR_1.avi_75_real,1_HR_1.avi_75_real.jpg,0
1_HR_2.avi_100_fake,1_HR_2.avi_100_fake.jpg,1
1_HR_2.avi_125_fake,1_HR_2.avi_125_fake.jpg,1
1_HR_2.avi_150_fake,1_HR_2.avi_150_fake.jpg,1
1_HR_2.avi_175_fake,1_HR_2.avi_175_fake.jpg,1
1_HR_2.avi_200_fake,1_HR_2.avi_200_fake.jpg,1
1_HR_2.avi_225_fake,1_HR_2.avi_225_fake.jpg,1
1_HR_2.avi_25_fake,1_HR_2.avi_25_fake.jpg,1
1_HR_2.avi_50_fake,1_HR_2.avi_50_fake.jpg,1
1_HR_2.avi_75_fake,1_HR_2.avi_75_fake.jpg,1
1_HR_3.avi_25_fake,1_HR_3.avi_25_fake.jpg,1
1_HR_3.avi_50_fake,1_HR_3.avi_50_fake.jpg,1
1_HR_3.avi_75_fake,1_HR_3.avi_75_fake.jpg,1
1_HR_4.avi_100_fake,1_HR_4.avi_100_fake.jpg,1
1_HR_4.avi_125_fake,1_HR_4.avi_125_fake.jpg,1
1_HR_4.avi_150_fake,1_HR_4.avi_150_fake.jpg,1
1_HR_4.avi_175_fake,1_HR_4.avi_175_fake.jpg,1
1_HR_4.avi_200_fake,1_HR_4.avi_200_fake.jpg,1
1_HR_4.avi_225_fake,1_HR_4.avi_225_fake.jpg,1
1_HR_4.avi_250_fake,1_HR_4.avi_250_fake.jpg,1
1_HR_4.avi_25_fake,1_HR_4.avi_25_fake.jpg,1
1_HR_4.avi_50_fake,1_HR_4.avi_50_fake.jpg,1
1_HR_4.avi_75_fake,1_HR_4.avi_75_fake.jpg,1
20_1.avi_100_real,20_1.avi_100_real.jpg,0
20_1.avi_25_real,20_1.avi_25_real.jpg,0
20_1.avi_50_real,20_1.avi_50_real.jpg,0
20_1.avi_75_real,20_1.avi_75_real.jpg,0
20_2.avi_100_real,20_2.avi_100_real.jpg,0
20_2.avi_125_real,20_2.avi_125_real.jpg,0
20_2.avi_25_real,20_2.avi_25_real.jpg,0
20_2.avi_50_real,20_2.avi_50_real.jpg,0
20_2.avi_75_real,20_2.avi_75_real.jpg,0
20_3.avi_100_fake,20_3.avi_100_fake.jpg,1
20_3.avi_125_fake,20_3.avi_125_fake.jpg,1
20_3.avi_150_fake,20_3.avi_150_fake.jpg,1
20_3.avi_25_fake,20_3.avi_25_fake.jpg,1
20_3.avi_50_fake,20_3.avi_50_fake.jpg,1
20_3.avi_75_fake,20_3.avi_75_fake.jpg,1
20_4.avi_100_fake,20_4.avi_100_fake.jpg,1
20_4.avi_125_fake,20_4.avi_125_fake.jpg,1
20_4.avi_150_fake,20_4.avi_150_fake.jpg,1
20_4.avi_175_fake,20_4.avi_175_fake.jpg,1
20_4.avi_25_fake,20_4.avi_25_fake.jpg,1
20_4.avi_50_fake,20_4.avi_50_fake.jpg,1
20_4.avi_75_fake,20_4.avi_75_fake.jpg,1
20_5.avi_100_fake,20_5.avi_100_fake.jpg,1
20_5.avi_125_fake,20_5.avi_125_fake.jpg,1
20_5.avi_25_fake,20_5.avi_25_fake.jpg,1
20_5.avi_50_fake,20_5.avi_50_fake.jpg,1
20_5.avi_75_fake,20_5.avi_75_fake.jpg,1
20_6.avi_100_fake,20_6.avi_100_fake.jpg,1
20_6.avi_125_fake,20_6.avi_125_fake.jpg,1
20_6.avi_150_fake,20_6.avi_150_fake.jpg,1
20_6.avi_175_fake,20_6.avi_175_fake.jpg,1
20_6.avi_25_fake,20_6.avi_25_fake.jpg,1
20_6.avi_50_fake,20_6.avi_50_fake.jpg,1
20_6.avi_75_fake,20_6.avi_75_fake.jpg,1
20_7.avi_100_fake,20_7.avi_100_fake.jpg,1
20_7.avi_125_fake,20_7.avi_125_fake.jpg,1
20_7.avi_150_fake,20_7.avi_150_fake.jpg,1
20_7.avi_175_fake,20_7.avi_175_fake.jpg,1
20_7.avi_200_fake,20_7.avi_200_fake.jpg,1
20_7.avi_225_fake,20_7.avi_225_fake.jpg,1
20_7.avi_250_fake,20_7.avi_250_fake.jpg,1
20_7.avi_25_fake,20_7.avi_25_fake.jpg,1
20_7.avi_50_fake,20_7.avi_50_fake.jpg,1
20_7.avi_75_fake,20_7.avi_75_fake.jpg,1
20_8.avi_100_fake,20_8.avi_100_fake.jpg,1
20_8.avi_125_fake,20_8.avi_125_fake.jpg,1
20_8.avi_150_fake,20_8.avi_150_fake.jpg,1
20_8.avi_175_fake,20_8.avi_175_fake.jpg,1
20_8.avi_25_fake,20_8.avi_25_fake.jpg,1
20_8.avi_50_fake,20_8.avi_50_fake.jpg,1
20_8.avi_75_fake,20_8.avi_75_fake.jpg,1
20_HR_1.avi_100_real,20_HR_1.avi_100_real.jpg,0
20_HR_1.avi_125_real,20_HR_1.avi_125_real.jpg,0
20_HR_1.avi_150_real,20_HR_1.avi_150_real.jpg,0
20_HR_1.avi_175_real,20_HR_1.avi_175_real.jpg,0
20_HR_1.avi_200_real,20_HR_1.avi_200_real.jpg,0
20_HR_1.avi_225_real,20_HR_1.avi_225_real.jpg,0
20_HR_1.avi_250_real,20_HR_1.avi_250_real.jpg,0
20_HR_1.avi_25_real,20_HR_1.avi_25_real.jpg,0
20_HR_1.avi_50_real,20_HR_1.avi_50_real.jpg,0
20_HR_1.avi_75_real,20_HR_1.avi_75_real.jpg,0
20_HR_2.avi_100_fake,20_HR_2.avi_100_fake.jpg,1
20_HR_2.avi_125_fake,20_HR_2.avi_125_fake.jpg,1
20_HR_2.avi_150_fake,20_HR_2.avi_150_fake.jpg,1
20_HR_2.avi_175_fake,20_HR_2.avi_175_fake.jpg,1
20_HR_2.avi_200_fake,20_HR_2.avi_200_fake.jpg,1
20_HR_2.avi_225_fake,20_HR_2.avi_225_fake.jpg,1
20_HR_2.avi_250_fake,20_HR_2.avi_250_fake.jpg,1
20_HR_2.avi_25_fake,20_HR_2.avi_25_fake.jpg,1
20_HR_2.avi_275_fake,20_HR_2.avi_275_fake.jpg,1
20_HR_2.avi_300_fake,20_HR_2.avi_300_fake.jpg,1
20_HR_2.avi_50_fake,20_HR_2.avi_50_fake.jpg,1
20_HR_2.avi_75_fake,20_HR_2.avi_75_fake.jpg,1
20_HR_3.avi_100_fake,20_HR_3.avi_100_fake.jpg,1
20_HR_3.avi_25_fake,20_HR_3.avi_25_fake.jpg,1
20_HR_3.avi_50_fake,20_HR_3.avi_50_fake.jpg,1
20_HR_3.avi_75_fake,20_HR_3.avi_75_fake.jpg,1
20_HR_4.avi_100_fake,20_HR_4.avi_100_fake.jpg,1
20_HR_4.avi_125_fake,20_HR_4.avi_125_fake.jpg,1
20_HR_4.avi_150_fake,20_HR_4.avi_150_fake.jpg,1
20_HR_4.avi_175_fake,20_HR_4.avi_175_fake.jpg,1
20_HR_4.avi_200_fake,20_HR_4.avi_200_fake.jpg,1
20_HR_4.avi_225_fake,20_HR_4.avi_225_fake.jpg,1
20_HR_4.avi_250_fake,20_HR_4.avi_250_fake.jpg,1
20_HR_4.avi_25_fake,20_HR_4.avi_25_fake.jpg,1
20_HR_4.avi_50_fake,20_HR_4.avi_50_fake.jpg,1
20_HR_4.avi_75_fake,20_HR_4.avi_75_fake.jpg,1
2_1.avi_100_real,2_1.avi_100_real.jpg,0
2_1.avi_125_real,2_1.avi_125_real.jpg,0
2_1.avi_25_real,2_1.avi_25_real.jpg,0
2_1.avi_50_real,2_1.avi_50_real.jpg,0
2_1.avi_75_real,2_1.avi_75_real.jpg,0
2_2.avi_100_real,2_2.avi_100_real.jpg,0
2_2.avi_125_real,2_2.avi_125_real.jpg,0
2_2.avi_25_real,2_2.avi_25_real.jpg,0
2_2.avi_50_real,2_2.avi_50_real.jpg,0
2_2.avi_75_real,2_2.avi_75_real.jpg,0
2_3.avi_100_fake,2_3.avi_100_fake.jpg,1
2_3.avi_125_fake,2_3.avi_125_fake.jpg,1
2_3.avi_25_fake,2_3.avi_25_fake.jpg,1
2_3.avi_50_fake,2_3.avi_50_fake.jpg,1
2_3.avi_75_fake,2_3.avi_75_fake.jpg,1
2_4.avi_100_fake,2_4.avi_100_fake.jpg,1
2_4.avi_125_fake,2_4.avi_125_fake.jpg,1
2_4.avi_150_fake,2_4.avi_150_fake.jpg,1
2_4.avi_175_fake,2_4.avi_175_fake.jpg,1
2_4.avi_25_fake,2_4.avi_25_fake.jpg,1
2_4.avi_50_fake,2_4.avi_50_fake.jpg,1
2_4.avi_75_fake,2_4.avi_75_fake.jpg,1
2_5.avi_100_fake,2_5.avi_100_fake.jpg,1
2_5.avi_125_fake,2_5.avi_125_fake.jpg,1
2_5.avi_150_fake,2_5.avi_150_fake.jpg,1
2_5.avi_175_fake,2_5.avi_175_fake.jpg,1
2_5.avi_25_fake,2_5.avi_25_fake.jpg,1
2_5.avi_50_fake,2_5.avi_50_fake.jpg,1
2_5.avi_75_fake,2_5.avi_75_fake.jpg,1
2_6.avi_100_fake,2_6.avi_100_fake.jpg,1
2_6.avi_125_fake,2_6.avi_125_fake.jpg,1
2_6.avi_150_fake,2_6.avi_150_fake.jpg,1
2_6.avi_175_fake,2_6.avi_175_fake.jpg,1
2_6.avi_25_fake,2_6.avi_25_fake.jpg,1
2_6.avi_50_fake,2_6.avi_50_fake.jpg,1
2_6.avi_75_fake,2_6.avi_75_fake.jpg,1
2_7.avi_100_fake,2_7.avi_100_fake.jpg,1
2_7.avi_125_fake,2_7.avi_125_fake.jpg,1
2_7.avi_150_fake,2_7.avi_150_fake.jpg,1
2_7.avi_175_fake,2_7.avi_175_fake.jpg,1
2_7.avi_200_fake,2_7.avi_200_fake.jpg,1
2_7.avi_25_fake,2_7.avi_25_fake.jpg,1
2_7.avi_50_fake,2_7.avi_50_fake.jpg,1
2_7.avi_75_fake,2_7.avi_75_fake.jpg,1
2_8.avi_100_fake,2_8.avi_100_fake.jpg,1
2_8.avi_125_fake,2_8.avi_125_fake.jpg,1
2_8.avi_150_fake,2_8.avi_150_fake.jpg,1
2_8.avi_175_fake,2_8.avi_175_fake.jpg,1
2_8.avi_25_fake,2_8.avi_25_fake.jpg,1
2_8.avi_50_fake,2_8.avi_50_fake.jpg,1
2_8.avi_75_fake,2_8.avi_75_fake.jpg,1
2_HR_1.avi_100_real,2_HR_1.avi_100_real.jpg,0
2_HR_1.avi_125_real,2_HR_1.avi_125_real.jpg,0
2_HR_1.avi_150_real,2_HR_1.avi_150_real.jpg,0
2_HR_1.avi_175_real,2_HR_1.avi_175_real.jpg,0
2_HR_1.avi_200_real,2_HR_1.avi_200_real.jpg,0
2_HR_1.avi_225_real,2_HR_1.avi_225_real.jpg,0
2_HR_1.avi_250_real,2_HR_1.avi_250_real.jpg,0
2_HR_1.avi_25_real,2_HR_1.avi_25_real.jpg,0
2_HR_1.avi_275_real,2_HR_1.avi_275_real.jpg,0
2_HR_1.avi_300_real,2_HR_1.avi_300_real.jpg,0
2_HR_1.avi_325_real,2_HR_1.avi_325_real.jpg,0
2_HR_1.avi_350_real,2_HR_1.avi_350_real.jpg,0
2_HR_1.avi_50_real,2_HR_1.avi_50_real.jpg,0
2_HR_1.avi_75_real,2_HR_1.avi_75_real.jpg,0
2_HR_2.avi_100_fake,2_HR_2.avi_100_fake.jpg,1
2_HR_2.avi_125_fake,2_HR_2.avi_125_fake.jpg,1
2_HR_2.avi_150_fake,2_HR_2.avi_150_fake.jpg,1
2_HR_2.avi_175_fake,2_HR_2.avi_175_fake.jpg,1
2_HR_2.avi_200_fake,2_HR_2.avi_200_fake.jpg,1
2_HR_2.avi_25_fake,2_HR_2.avi_25_fake.jpg,1
2_HR_2.avi_50_fake,2_HR_2.avi_50_fake.jpg,1
2_HR_2.avi_75_fake,2_HR_2.avi_75_fake.jpg,1
2_HR_3.avi_100_fake,2_HR_3.avi_100_fake.jpg,1
2_HR_3.avi_125_fake,2_HR_3.avi_125_fake.jpg,1
2_HR_3.avi_25_fake,2_HR_3.avi_25_fake.jpg,1
2_HR_3.avi_50_fake,2_HR_3.avi_50_fake.jpg,1
2_HR_3.avi_75_fake,2_HR_3.avi_75_fake.jpg,1
2_HR_4.avi_100_fake,2_HR_4.avi_100_fake.jpg,1
2_HR_4.avi_125_fake,2_HR_4.avi_125_fake.jpg,1
2_HR_4.avi_150_fake,2_HR_4.avi_150_fake.jpg,1
2_HR_4.avi_175_fake,2_HR_4.avi_175_fake.jpg,1
2_HR_4.avi_200_fake,2_HR_4.avi_200_fake.jpg,1
2_HR_4.avi_225_fake,2_HR_4.avi_225_fake.jpg,1
2_HR_4.avi_250_fake,2_HR_4.avi_250_fake.jpg,1
2_HR_4.avi_25_fake,2_HR_4.avi_25_fake.jpg,1
2_HR_4.avi_275_fake,2_HR_4.avi_275_fake.jpg,1
2_HR_4.avi_300_fake,2_HR_4.avi_300_fake.jpg,1
2_HR_4.avi_325_fake,2_HR_4.avi_325_fake.jpg,1
2_HR_4.avi_50_fake,2_HR_4.avi_50_fake.jpg,1
2_HR_4.avi_75_fake,2_HR_4.avi_75_fake.jpg,1
3_1.avi_100_real,3_1.avi_100_real.jpg,0
3_1.avi_125_real,3_1.avi_125_real.jpg,0
3_1.avi_150_real,3_1.avi_150_real.jpg,0
3_1.avi_25_real,3_1.avi_25_real.jpg,0
3_1.avi_50_real,3_1.avi_50_real.jpg,0
3_1.avi_75_real,3_1.avi_75_real.jpg,0
3_2.avi_100_real,3_2.avi_100_real.jpg,0
3_2.avi_125_real,3_2.avi_125_real.jpg,0
3_2.avi_150_real,3_2.avi_150_real.jpg,0
3_2.avi_175_real,3_2.avi_175_real.jpg,0
3_2.avi_25_real,3_2.avi_25_real.jpg,0
3_2.avi_50_real,3_2.avi_50_real.jpg,0
3_2.avi_75_real,3_2.avi_75_real.jpg,0
3_3.avi_100_fake,3_3.avi_100_fake.jpg,1
3_3.avi_125_fake,3_3.avi_125_fake.jpg,1
3_3.avi_25_fake,3_3.avi_25_fake.jpg,1
3_3.avi_50_fake,3_3.avi_50_fake.jpg,1
3_3.avi_75_fake,3_3.avi_75_fake.jpg,1
3_4.avi_100_fake,3_4.avi_100_fake.jpg,1
3_4.avi_125_fake,3_4.avi_125_fake.jpg,1
3_4.avi_150_fake,3_4.avi_150_fake.jpg,1
3_4.avi_175_fake,3_4.avi_175_fake.jpg,1
3_4.avi_25_fake,3_4.avi_25_fake.jpg,1
3_4.avi_50_fake,3_4.avi_50_fake.jpg,1
3_4.avi_75_fake,3_4.avi_75_fake.jpg,1
3_5.avi_100_fake,3_5.avi_100_fake.jpg,1
3_5.avi_125_fake,3_5.avi_125_fake.jpg,1
3_5.avi_150_fake,3_5.avi_150_fake.jpg,1
3_5.avi_25_fake,3_5.avi_25_fake.jpg,1
3_5.avi_50_fake,3_5.avi_50_fake.jpg,1
3_5.avi_75_fake,3_5.avi_75_fake.jpg,1
3_6.avi_100_fake,3_6.avi_100_fake.jpg,1
3_6.avi_125_fake,3_6.avi_125_fake.jpg,1
3_6.avi_150_fake,3_6.avi_150_fake.jpg,1
3_6.avi_175_fake,3_6.avi_175_fake.jpg,1
3_6.avi_25_fake,3_6.avi_25_fake.jpg,1
3_6.avi_50_fake,3_6.avi_50_fake.jpg,1
3_6.avi_75_fake,3_6.avi_75_fake.jpg,1
3_7.avi_100_fake,3_7.avi_100_fake.jpg,1
3_7.avi_125_fake,3_7.avi_125_fake.jpg,1
3_7.avi_150_fake,3_7.avi_150_fake.jpg,1
3_7.avi_175_fake,3_7.avi_175_fake.jpg,1
3_7.avi_25_fake,3_7.avi_25_fake.jpg,1
3_7.avi_50_fake,3_7.avi_50_fake.jpg,1
3_7.avi_75_fake,3_7.avi_75_fake.jpg,1
3_8.avi_100_fake,3_8.avi_100_fake.jpg,1
3_8.avi_125_fake,3_8.avi_125_fake.jpg,1
3_8.avi_150_fake,3_8.avi_150_fake.jpg,1
3_8.avi_25_fake,3_8.avi_25_fake.jpg,1
3_8.avi_50_fake,3_8.avi_50_fake.jpg,1
3_8.avi_75_fake,3_8.avi_75_fake.jpg,1
3_HR_1.avi_100_real,3_HR_1.avi_100_real.jpg,0
3_HR_1.avi_125_real,3_HR_1.avi_125_real.jpg,0
3_HR_1.avi_150_real,3_HR_1.avi_150_real.jpg,0
3_HR_1.avi_175_real,3_HR_1.avi_175_real.jpg,0
3_HR_1.avi_25_real,3_HR_1.avi_25_real.jpg,0
3_HR_1.avi_50_real,3_HR_1.avi_50_real.jpg,0
3_HR_1.avi_75_real,3_HR_1.avi_75_real.jpg,0
3_HR_2.avi_100_fake,3_HR_2.avi_100_fake.jpg,1
3_HR_2.avi_125_fake,3_HR_2.avi_125_fake.jpg,1
3_HR_2.avi_150_fake,3_HR_2.avi_150_fake.jpg,1
3_HR_2.avi_175_fake,3_HR_2.avi_175_fake.jpg,1
3_HR_2.avi_200_fake,3_HR_2.avi_200_fake.jpg,1
3_HR_2.avi_225_fake,3_HR_2.avi_225_fake.jpg,1
3_HR_2.avi_25_fake,3_HR_2.avi_25_fake.jpg,1
3_HR_2.avi_50_fake,3_HR_2.avi_50_fake.jpg,1
3_HR_2.avi_75_fake,3_HR_2.avi_75_fake.jpg,1
3_HR_3.avi_100_fake,3_HR_3.avi_100_fake.jpg,1
3_HR_3.avi_125_fake,3_HR_3.avi_125_fake.jpg,1
3_HR_3.avi_25_fake,3_HR_3.avi_25_fake.jpg,1
3_HR_3.avi_50_fake,3_HR_3.avi_50_fake.jpg,1
3_HR_3.avi_75_fake,3_HR_3.avi_75_fake.jpg,1
3_HR_4.avi_100_fake,3_HR_4.avi_100_fake.jpg,1
3_HR_4.avi_125_fake,3_HR_4.avi_125_fake.jpg,1
3_HR_4.avi_150_fake,3_HR_4.avi_150_fake.jpg,1
3_HR_4.avi_175_fake,3_HR_4.avi_175_fake.jpg,1
3_HR_4.avi_25_fake,3_HR_4.avi_25_fake.jpg,1
3_HR_4.avi_50_fake,3_HR_4.avi_50_fake.jpg,1
3_HR_4.avi_75_fake,3_HR_4.avi_75_fake.jpg,1
4_1.avi_100_real,4_1.avi_100_real.jpg,0
4_1.avi_125_real,4_1.avi_125_real.jpg,0
4_1.avi_150_real,4_1.avi_150_real.jpg,0
4_1.avi_175_real,4_1.avi_175_real.jpg,0
4_1.avi_200_real,4_1.avi_200_real.jpg,0
4_1.avi_225_real,4_1.avi_225_real.jpg,0
4_1.avi_25_real,4_1.avi_25_real.jpg,0
4_1.avi_50_real,4_1.avi_50_real.jpg,0
4_1.avi_75_real,4_1.avi_75_real.jpg,0
4_2.avi_100_real,4_2.avi_100_real.jpg,0
4_2.avi_125_real,4_2.avi_125_real.jpg,0
4_2.avi_150_real,4_2.avi_150_real.jpg,0
4_2.avi_175_real,4_2.avi_175_real.jpg,0
4_2.avi_25_real,4_2.avi_25_real.jpg,0
4_2.avi_50_real,4_2.avi_50_real.jpg,0
4_2.avi_75_real,4_2.avi_75_real.jpg,0
4_3.avi_100_fake,4_3.avi_100_fake.jpg,1
4_3.avi_125_fake,4_3.avi_125_fake.jpg,1
4_3.avi_150_fake,4_3.avi_150_fake.jpg,1
4_3.avi_175_fake,4_3.avi_175_fake.jpg,1
4_3.avi_25_fake,4_3.avi_25_fake.jpg,1
4_3.avi_50_fake,4_3.avi_50_fake.jpg,1
4_3.avi_75_fake,4_3.avi_75_fake.jpg,1
4_4.avi_100_fake,4_4.avi_100_fake.jpg,1
4_4.avi_125_fake,4_4.avi_125_fake.jpg,1
4_4.avi_150_fake,4_4.avi_150_fake.jpg,1
4_4.avi_175_fake,4_4.avi_175_fake.jpg,1
4_4.avi_25_fake,4_4.avi_25_fake.jpg,1
4_4.avi_50_fake,4_4.avi_50_fake.jpg,1
4_4.avi_75_fake,4_4.avi_75_fake.jpg,1
4_5.avi_100_fake,4_5.avi_100_fake.jpg,1
4_5.avi_125_fake,4_5.avi_125_fake.jpg,1
4_5.avi_25_fake,4_5.avi_25_fake.jpg,1
4_5.avi_50_fake,4_5.avi_50_fake.jpg,1
4_5.avi_75_fake,4_5.avi_75_fake.jpg,1
4_6.avi_100_fake,4_6.avi_100_fake.jpg,1
4_6.avi_125_fake,4_6.avi_125_fake.jpg,1
4_6.avi_150_fake,4_6.avi_150_fake.jpg,1
4_6.avi_175_fake,4_6.avi_175_fake.jpg,1
4_6.avi_25_fake,4_6.avi_25_fake.jpg,1
4_6.avi_50_fake,4_6.avi_50_fake.jpg,1
4_6.avi_75_fake,4_6.avi_75_fake.jpg,1
4_7.avi_100_fake,4_7.avi_100_fake.jpg,1
4_7.avi_125_fake,4_7.avi_125_fake.jpg,1
4_7.avi_150_fake,4_7.avi_150_fake.jpg,1
4_7.avi_175_fake,4_7.avi_175_fake.jpg,1
4_7.avi_200_fake,4_7.avi_200_fake.jpg,1
4_7.avi_225_fake,4_7.avi_225_fake.jpg,1
4_7.avi_25_fake,4_7.avi_25_fake.jpg,1
4_7.avi_50_fake,4_7.avi_50_fake.jpg,1
4_7.avi_75_fake,4_7.avi_75_fake.jpg,1
4_8.avi_100_fake,4_8.avi_100_fake.jpg,1
4_8.avi_125_fake,4_8.avi_125_fake.jpg,1
4_8.avi_150_fake,4_8.avi_150_fake.jpg,1
4_8.avi_175_fake,4_8.avi_175_fake.jpg,1
4_8.avi_25_fake,4_8.avi_25_fake.jpg,1
4_8.avi_50_fake,4_8.avi_50_fake.jpg,1
4_8.avi_75_fake,4_8.avi_75_fake.jpg,1
4_HR_1.avi_100_real,4_HR_1.avi_100_real.jpg,0
4_HR_1.avi_125_real,4_HR_1.avi_125_real.jpg,0
4_HR_1.avi_150_real,4_HR_1.avi_150_real.jpg,0
4_HR_1.avi_175_real,4_HR_1.avi_175_real.jpg,0
4_HR_1.avi_200_real,4_HR_1.avi_200_real.jpg,0
4_HR_1.avi_225_real,4_HR_1.avi_225_real.jpg,0
4_HR_1.avi_250_real,4_HR_1.avi_250_real.jpg,0
4_HR_1.avi_25_real,4_HR_1.avi_25_real.jpg,0
4_HR_1.avi_275_real,4_HR_1.avi_275_real.jpg,0
4_HR_1.avi_50_real,4_HR_1.avi_50_real.jpg,0
4_HR_1.avi_75_real,4_HR_1.avi_75_real.jpg,0
4_HR_2.avi_100_fake,4_HR_2.avi_100_fake.jpg,1
4_HR_2.avi_125_fake,4_HR_2.avi_125_fake.jpg,1
4_HR_2.avi_150_fake,4_HR_2.avi_150_fake.jpg,1
4_HR_2.avi_175_fake,4_HR_2.avi_175_fake.jpg,1
4_HR_2.avi_200_fake,4_HR_2.avi_200_fake.jpg,1
4_HR_2.avi_225_fake,4_HR_2.avi_225_fake.jpg,1
4_HR_2.avi_25_fake,4_HR_2.avi_25_fake.jpg,1
4_HR_2.avi_50_fake,4_HR_2.avi_50_fake.jpg,1
4_HR_2.avi_75_fake,4_HR_2.avi_75_fake.jpg,1
4_HR_3.avi_100_fake,4_HR_3.avi_100_fake.jpg,1
4_HR_3.avi_125_fake,4_HR_3.avi_125_fake.jpg,1
4_HR_3.avi_25_fake,4_HR_3.avi_25_fake.jpg,1
4_HR_3.avi_50_fake,4_HR_3.avi_50_fake.jpg,1
4_HR_3.avi_75_fake,4_HR_3.avi_75_fake.jpg,1
4_HR_4.avi_100_fake,4_HR_4.avi_100_fake.jpg,1
4_HR_4.avi_125_fake,4_HR_4.avi_125_fake.jpg,1
4_HR_4.avi_150_fake,4_HR_4.avi_150_fake.jpg,1
4_HR_4.avi_175_fake,4_HR_4.avi_175_fake.jpg,1
4_HR_4.avi_200_fake,4_HR_4.avi_200_fake.jpg,1
4_HR_4.avi_225_fake,4_HR_4.avi_225_fake.jpg,1
4_HR_4.avi_250_fake,4_HR_4.avi_250_fake.jpg,1
4_HR_4.avi_25_fake,4_HR_4.avi_25_fake.jpg,1
4_HR_4.avi_275_fake,4_HR_4.avi_275_fake.jpg,1
4_HR_4.avi_50_fake,4_HR_4.avi_50_fake.jpg,1
4_HR_4.avi_75_fake,4_HR_4.avi_75_fake.jpg,1
5_1.avi_100_real,5_1.avi_100_real.jpg,0
5_1.avi_125_real,5_1.avi_125_real.jpg,0
5_1.avi_25_real,5_1.avi_25_real.jpg,0
5_1.avi_50_real,5_1.avi_50_real.jpg,0
5_1.avi_75_real,5_1.avi_75_real.jpg,0
5_2.avi_100_real,5_2.avi_100_real.jpg,0
5_2.avi_125_real,5_2.avi_125_real.jpg,0
5_2.avi_25_real,5_2.avi_25_real.jpg,0
5_2.avi_50_real,5_2.avi_50_real.jpg,0
5_2.avi_75_real,5_2.avi_75_real.jpg,0
5_3.avi_100_fake,5_3.avi_100_fake.jpg,1
5_3.avi_125_fake,5_3.avi_125_fake.jpg,1
5_3.avi_150_fake,5_3.avi_150_fake.jpg,1
5_3.avi_175_fake,5_3.avi_175_fake.jpg,1
5_3.avi_25_fake,5_3.avi_25_fake.jpg,1
5_3.avi_50_fake,5_3.avi_50_fake.jpg,1
5_3.avi_75_fake,5_3.avi_75_fake.jpg,1
5_4.avi_100_fake,5_4.avi_100_fake.jpg,1
5_4.avi_125_fake,5_4.avi_125_fake.jpg,1
5_4.avi_150_fake,5_4.avi_150_fake.jpg,1
5_4.avi_175_fake,5_4.avi_175_fake.jpg,1
5_4.avi_25_fake,5_4.avi_25_fake.jpg,1
5_4.avi_50_fake,5_4.avi_50_fake.jpg,1
5_4.avi_75_fake,5_4.avi_75_fake.jpg,1
5_5.avi_100_fake,5_5.avi_100_fake.jpg,1
5_5.avi_125_fake,5_5.avi_125_fake.jpg,1
5_5.avi_25_fake,5_5.avi_25_fake.jpg,1
5_5.avi_50_fake,5_5.avi_50_fake.jpg,1
5_5.avi_75_fake,5_5.avi_75_fake.jpg,1
5_6.avi_100_fake,5_6.avi_100_fake.jpg,1
5_6.avi_125_fake,5_6.avi_125_fake.jpg,1
5_6.avi_150_fake,5_6.avi_150_fake.jpg,1
5_6.avi_175_fake,5_6.avi_175_fake.jpg,1
5_6.avi_25_fake,5_6.avi_25_fake.jpg,1
5_6.avi_50_fake,5_6.avi_50_fake.jpg,1
5_6.avi_75_fake,5_6.avi_75_fake.jpg,1
5_7.avi_100_fake,5_7.avi_100_fake.jpg,1
5_7.avi_125_fake,5_7.avi_125_fake.jpg,1
5_7.avi_150_fake,5_7.avi_150_fake.jpg,1
5_7.avi_25_fake,5_7.avi_25_fake.jpg,1
5_7.avi_50_fake,5_7.avi_50_fake.jpg,1
5_7.avi_75_fake,5_7.avi_75_fake.jpg,1
5_8.avi_100_fake,5_8.avi_100_fake.jpg,1
5_8.avi_125_fake,5_8.avi_125_fake.jpg,1
5_8.avi_25_fake,5_8.avi_25_fake.jpg,1
5_8.avi_50_fake,5_8.avi_50_fake.jpg,1
5_8.avi_75_fake,5_8.avi_75_fake.jpg,1
5_HR_1.avi_100_real,5_HR_1.avi_100_real.jpg,0
5_HR_1.avi_125_real,5_HR_1.avi_125_real.jpg,0
5_HR_1.avi_150_real,5_HR_1.avi_150_real.jpg,0
5_HR_1.avi_25_real,5_HR_1.avi_25_real.jpg,0
5_HR_1.avi_50_real,5_HR_1.avi_50_real.jpg,0
5_HR_1.avi_75_real,5_HR_1.avi_75_real.jpg,0
5_HR_2.avi_100_fake,5_HR_2.avi_100_fake.jpg,1
5_HR_2.avi_125_fake,5_HR_2.avi_125_fake.jpg,1
5_HR_2.avi_150_fake,5_HR_2.avi_150_fake.jpg,1
5_HR_2.avi_175_fake,5_HR_2.avi_175_fake.jpg,1
5_HR_2.avi_200_fake,5_HR_2.avi_200_fake.jpg,1
5_HR_2.avi_225_fake,5_HR_2.avi_225_fake.jpg,1
5_HR_2.avi_25_fake,5_HR_2.avi_25_fake.jpg,1
5_HR_2.avi_50_fake,5_HR_2.avi_50_fake.jpg,1
5_HR_2.avi_75_fake,5_HR_2.avi_75_fake.jpg,1
5_HR_3.avi_100_fake,5_HR_3.avi_100_fake.jpg,1
5_HR_3.avi_25_fake,5_HR_3.avi_25_fake.jpg,1
5_HR_3.avi_50_fake,5_HR_3.avi_50_fake.jpg,1
5_HR_3.avi_75_fake,5_HR_3.avi_75_fake.jpg,1
5_HR_4.avi_100_fake,5_HR_4.avi_100_fake.jpg,1
5_HR_4.avi_125_fake,5_HR_4.avi_125_fake.jpg,1
5_HR_4.avi_150_fake,5_HR_4.avi_150_fake.jpg,1
5_HR_4.avi_25_fake,5_HR_4.avi_25_fake.jpg,1
5_HR_4.avi_50_fake,5_HR_4.avi_50_fake.jpg,1
5_HR_4.avi_75_fake,5_HR_4.avi_75_fake.jpg,1
6_1.avi_100_real,6_1.avi_100_real.jpg,0
6_1.avi_125_real,6_1.avi_125_real.jpg,0
6_1.avi_25_real,6_1.avi_25_real.jpg,0
6_1.avi_50_real,6_1.avi_50_real.jpg,0
6_1.avi_75_real,6_1.avi_75_real.jpg,0
6_2.avi_100_real,6_2.avi_100_real.jpg,0
6_2.avi_125_real,6_2.avi_125_real.jpg,0
6_2.avi_150_real,6_2.avi_150_real.jpg,0
6_2.avi_175_real,6_2.avi_175_real.jpg,0
6_2.avi_200_real,6_2.avi_200_real.jpg,0
6_2.avi_25_real,6_2.avi_25_real.jpg,0
6_2.avi_50_real,6_2.avi_50_real.jpg,0
6_2.avi_75_real,6_2.avi_75_real.jpg,0
6_3.avi_100_fake,6_3.avi_100_fake.jpg,1
6_3.avi_125_fake,6_3.avi_125_fake.jpg,1
6_3.avi_150_fake,6_3.avi_150_fake.jpg,1
6_3.avi_25_fake,6_3.avi_25_fake.jpg,1
6_3.avi_50_fake,6_3.avi_50_fake.jpg,1
6_3.avi_75_fake,6_3.avi_75_fake.jpg,1
6_4.avi_100_fake,6_4.avi_100_fake.jpg,1
6_4.avi_125_fake,6_4.avi_125_fake.jpg,1
6_4.avi_150_fake,6_4.avi_150_fake.jpg,1
6_4.avi_175_fake,6_4.avi_175_fake.jpg,1
6_4.avi_25_fake,6_4.avi_25_fake.jpg,1
6_4.avi_50_fake,6_4.avi_50_fake.jpg,1
6_4.avi_75_fake,6_4.avi_75_fake.jpg,1
6_5.avi_100_fake,6_5.avi_100_fake.jpg,1
6_5.avi_25_fake,6_5.avi_25_fake.jpg,1
6_5.avi_50_fake,6_5.avi_50_fake.jpg,1
6_5.avi_75_fake,6_5.avi_75_fake.jpg,1
6_6.avi_100_fake,6_6.avi_100_fake.jpg,1
6_6.avi_125_fake,6_6.avi_125_fake.jpg,1
6_6.avi_150_fake,6_6.avi_150_fake.jpg,1
6_6.avi_175_fake,6_6.avi_175_fake.jpg,1
6_6.avi_25_fake,6_6.avi_25_fake.jpg,1
6_6.avi_50_fake,6_6.avi_50_fake.jpg,1
6_6.avi_75_fake,6_6.avi_75_fake.jpg,1
6_7.avi_100_fake,6_7.avi_100_fake.jpg,1
6_7.avi_125_fake,6_7.avi_125_fake.jpg,1
6_7.avi_150_fake,6_7.avi_150_fake.jpg,1
6_7.avi_175_fake,6_7.avi_175_fake.jpg,1
6_7.avi_200_fake,6_7.avi_200_fake.jpg,1
6_7.avi_225_fake,6_7.avi_225_fake.jpg,1
6_7.avi_250_fake,6_7.avi_250_fake.jpg,1
6_7.avi_25_fake,6_7.avi_25_fake.jpg,1
6_7.avi_275_fake,6_7.avi_275_fake.jpg,1
6_7.avi_300_fake,6_7.avi_300_fake.jpg,1
6_7.avi_325_fake,6_7.avi_325_fake.jpg,1
6_7.avi_350_fake,6_7.avi_350_fake.jpg,1
6_7.avi_50_fake,6_7.avi_50_fake.jpg,1
6_7.avi_75_fake,6_7.avi_75_fake.jpg,1
6_8.avi_100_fake,6_8.avi_100_fake.jpg,1
6_8.avi_125_fake,6_8.avi_125_fake.jpg,1
6_8.avi_150_fake,6_8.avi_150_fake.jpg,1
6_8.avi_175_fake,6_8.avi_175_fake.jpg,1
6_8.avi_25_fake,6_8.avi_25_fake.jpg,1
6_8.avi_50_fake,6_8.avi_50_fake.jpg,1
6_8.avi_75_fake,6_8.avi_75_fake.jpg,1
6_HR_1.avi_100_real,6_HR_1.avi_100_real.jpg,0
6_HR_1.avi_125_real,6_HR_1.avi_125_real.jpg,0
6_HR_1.avi_150_real,6_HR_1.avi_150_real.jpg,0
6_HR_1.avi_175_real,6_HR_1.avi_175_real.jpg,0
6_HR_1.avi_200_real,6_HR_1.avi_200_real.jpg,0
6_HR_1.avi_225_real,6_HR_1.avi_225_real.jpg,0
6_HR_1.avi_250_real,6_HR_1.avi_250_real.jpg,0
6_HR_1.avi_25_real,6_HR_1.avi_25_real.jpg,0
6_HR_1.avi_275_real,6_HR_1.avi_275_real.jpg,0
6_HR_1.avi_300_real,6_HR_1.avi_300_real.jpg,0
6_HR_1.avi_325_real,6_HR_1.avi_325_real.jpg,0
6_HR_1.avi_350_real,6_HR_1.avi_350_real.jpg,0
6_HR_1.avi_375_real,6_HR_1.avi_375_real.jpg,0
6_HR_1.avi_50_real,6_HR_1.avi_50_real.jpg,0
6_HR_1.avi_75_real,6_HR_1.avi_75_real.jpg,0
6_HR_2.avi_100_fake,6_HR_2.avi_100_fake.jpg,1
6_HR_2.avi_125_fake,6_HR_2.avi_125_fake.jpg,1
6_HR_2.avi_150_fake,6_HR_2.avi_150_fake.jpg,1
6_HR_2.avi_175_fake,6_HR_2.avi_175_fake.jpg,1
6_HR_2.avi_200_fake,6_HR_2.avi_200_fake.jpg,1
6_HR_2.avi_225_fake,6_HR_2.avi_225_fake.jpg,1
6_HR_2.avi_250_fake,6_HR_2.avi_250_fake.jpg,1
6_HR_2.avi_25_fake,6_HR_2.avi_25_fake.jpg,1
6_HR_2.avi_50_fake,6_HR_2.avi_50_fake.jpg,1
6_HR_2.avi_75_fake,6_HR_2.avi_75_fake.jpg,1
6_HR_3.avi_100_fake,6_HR_3.avi_100_fake.jpg,1
6_HR_3.avi_25_fake,6_HR_3.avi_25_fake.jpg,1
6_HR_3.avi_50_fake,6_HR_3.avi_50_fake.jpg,1
6_HR_3.avi_75_fake,6_HR_3.avi_75_fake.jpg,1
6_HR_4.avi_100_fake,6_HR_4.avi_100_fake.jpg,1
6_HR_4.avi_125_fake,6_HR_4.avi_125_fake.jpg,1
6_HR_4.avi_150_fake,6_HR_4.avi_150_fake.jpg,1
6_HR_4.avi_175_fake,6_HR_4.avi_175_fake.jpg,1
6_HR_4.avi_200_fake,6_HR_4.avi_200_fake.jpg,1
6_HR_4.avi_225_fake,6_HR_4.avi_225_fake.jpg,1
6_HR_4.avi_250_fake,6_HR_4.avi_250_fake.jpg,1
6_HR_4.avi_25_fake,6_HR_4.avi_25_fake.jpg,1
6_HR_4.avi_275_fake,6_HR_4.avi_275_fake.jpg,1
6_HR_4.avi_300_fake,6_HR_4.avi_300_fake.jpg,1
6_HR_4.avi_325_fake,6_HR_4.avi_325_fake.jpg,1
6_HR_4.avi_350_fake,6_HR_4.avi_350_fake.jpg,1
6_HR_4.avi_50_fake,6_HR_4.avi_50_fake.jpg,1
6_HR_4.avi_75_fake,6_HR_4.avi_75_fake.jpg,1
7_1.avi_100_real,7_1.avi_100_real.jpg,0
7_1.avi_125_real,7_1.avi_125_real.jpg,0
7_1.avi_25_real,7_1.avi_25_real.jpg,0
7_1.avi_50_real,7_1.avi_50_real.jpg,0
7_1.avi_75_real,7_1.avi_75_real.jpg,0
7_2.avi_100_real,7_2.avi_100_real.jpg,0
7_2.avi_125_real,7_2.avi_125_real.jpg,0
7_2.avi_25_real,7_2.avi_25_real.jpg,0
7_2.avi_50_real,7_2.avi_50_real.jpg,0
7_2.avi_75_real,7_2.avi_75_real.jpg,0
7_3.avi_100_fake,7_3.avi_100_fake.jpg,1
7_3.avi_125_fake,7_3.avi_125_fake.jpg,1
7_3.avi_150_fake,7_3.avi_150_fake.jpg,1
7_3.avi_175_fake,7_3.avi_175_fake.jpg,1
7_3.avi_200_fake,7_3.avi_200_fake.jpg,1
7_3.avi_225_fake,7_3.avi_225_fake.jpg,1
7_3.avi_250_fake,7_3.avi_250_fake.jpg,1
7_3.avi_25_fake,7_3.avi_25_fake.jpg,1
7_3.avi_50_fake,7_3.avi_50_fake.jpg,1
7_3.avi_75_fake,7_3.avi_75_fake.jpg,1
7_4.avi_100_fake,7_4.avi_100_fake.jpg,1
7_4.avi_125_fake,7_4.avi_125_fake.jpg,1
7_4.avi_150_fake,7_4.avi_150_fake.jpg,1
7_4.avi_175_fake,7_4.avi_175_fake.jpg,1
7_4.avi_200_fake,7_4.avi_200_fake.jpg,1
7_4.avi_25_fake,7_4.avi_25_fake.jpg,1
7_4.avi_50_fake,7_4.avi_50_fake.jpg,1
7_4.avi_75_fake,7_4.avi_75_fake.jpg,1
7_5.avi_100_fake,7_5.avi_100_fake.jpg,1
7_5.avi_125_fake,7_5.avi_125_fake.jpg,1
7_5.avi_25_fake,7_5.avi_25_fake.jpg,1
7_5.avi_50_fake,7_5.avi_50_fake.jpg,1
7_5.avi_75_fake,7_5.avi_75_fake.jpg,1
7_6.avi_100_fake,7_6.avi_100_fake.jpg,1
7_6.avi_125_fake,7_6.avi_125_fake.jpg,1
7_6.avi_150_fake,7_6.avi_150_fake.jpg,1
7_6.avi_175_fake,7_6.avi_175_fake.jpg,1
7_6.avi_25_fake,7_6.avi_25_fake.jpg,1
7_6.avi_50_fake,7_6.avi_50_fake.jpg,1
7_6.avi_75_fake,7_6.avi_75_fake.jpg,1
7_7.avi_100_fake,7_7.avi_100_fake.jpg,1
7_7.avi_25_fake,7_7.avi_25_fake.jpg,1
7_7.avi_50_fake,7_7.avi_50_fake.jpg,1
7_7.avi_75_fake,7_7.avi_75_fake.jpg,1
7_8.avi_100_fake,7_8.avi_100_fake.jpg,1
7_8.avi_25_fake,7_8.avi_25_fake.jpg,1
7_8.avi_50_fake,7_8.avi_50_fake.jpg,1
7_8.avi_75_fake,7_8.avi_75_fake.jpg,1
7_HR_1.avi_100_real,7_HR_1.avi_100_real.jpg,0
7_HR_1.avi_125_real,7_HR_1.avi_125_real.jpg,0
7_HR_1.avi_150_real,7_HR_1.avi_150_real.jpg,0
7_HR_1.avi_25_real,7_HR_1.avi_25_real.jpg,0
7_HR_1.avi_50_real,7_HR_1.avi_50_real.jpg,0
7_HR_1.avi_75_real,7_HR_1.avi_75_real.jpg,0
7_HR_2.avi_100_fake,7_HR_2.avi_100_fake.jpg,1
7_HR_2.avi_125_fake,7_HR_2.avi_125_fake.jpg,1
7_HR_2.avi_150_fake,7_HR_2.avi_150_fake.jpg,1
7_HR_2.avi_175_fake,7_HR_2.avi_175_fake.jpg,1
7_HR_2.avi_200_fake,7_HR_2.avi_200_fake.jpg,1
7_HR_2.avi_225_fake,7_HR_2.avi_225_fake.jpg,1
7_HR_2.avi_25_fake,7_HR_2.avi_25_fake.jpg,1
7_HR_2.avi_50_fake,7_HR_2.avi_50_fake.jpg,1
7_HR_2.avi_75_fake,7_HR_2.avi_75_fake.jpg,1
7_HR_3.avi_100_fake,7_HR_3.avi_100_fake.jpg,1
7_HR_3.avi_25_fake,7_HR_3.avi_25_fake.jpg,1
7_HR_3.avi_50_fake,7_HR_3.avi_50_fake.jpg,1
7_HR_3.avi_75_fake,7_HR_3.avi_75_fake.jpg,1
7_HR_4.avi_100_fake,7_HR_4.avi_100_fake.jpg,1
7_HR_4.avi_125_fake,7_HR_4.avi_125_fake.jpg,1
7_HR_4.avi_150_fake,7_HR_4.avi_150_fake.jpg,1
7_HR_4.avi_25_fake,7_HR_4.avi_25_fake.jpg,1
7_HR_4.avi_50_fake,7_HR_4.avi_50_fake.jpg,1
7_HR_4.avi_75_fake,7_HR_4.avi_75_fake.jpg,1
8_1.avi_100_real,8_1.avi_100_real.jpg,0
8_1.avi_125_real,8_1.avi_125_real.jpg,0
8_1.avi_150_real,8_1.avi_150_real.jpg,0
8_1.avi_175_real,8_1.avi_175_real.jpg,0
8_1.avi_200_real,8_1.avi_200_real.jpg,0
8_1.avi_25_real,8_1.avi_25_real.jpg,0
8_1.avi_50_real,8_1.avi_50_real.jpg,0
8_1.avi_75_real,8_1.avi_75_real.jpg,0
8_2.avi_100_real,8_2.avi_100_real.jpg,0
8_2.avi_125_real,8_2.avi_125_real.jpg,0
8_2.avi_25_real,8_2.avi_25_real.jpg,0
8_2.avi_50_real,8_2.avi_50_real.jpg,0
8_2.avi_75_real,8_2.avi_75_real.jpg,0
8_3.avi_100_fake,8_3.avi_100_fake.jpg,1
8_3.avi_125_fake,8_3.avi_125_fake.jpg,1
8_3.avi_150_fake,8_3.avi_150_fake.jpg,1
8_3.avi_25_fake,8_3.avi_25_fake.jpg,1
8_3.avi_50_fake,8_3.avi_50_fake.jpg,1
8_3.avi_75_fake,8_3.avi_75_fake.jpg,1
8_4.avi_100_fake,8_4.avi_100_fake.jpg,1
8_4.avi_125_fake,8_4.avi_125_fake.jpg,1
8_4.avi_150_fake,8_4.avi_150_fake.jpg,1
8_4.avi_175_fake,8_4.avi_175_fake.jpg,1
8_4.avi_25_fake,8_4.avi_25_fake.jpg,1
8_4.avi_50_fake,8_4.avi_50_fake.jpg,1
8_4.avi_75_fake,8_4.avi_75_fake.jpg,1
8_5.avi_100_fake,8_5.avi_100_fake.jpg,1
8_5.avi_125_fake,8_5.avi_125_fake.jpg,1
8_5.avi_25_fake,8_5.avi_25_fake.jpg,1
8_5.avi_50_fake,8_5.avi_50_fake.jpg,1
8_5.avi_75_fake,8_5.avi_75_fake.jpg,1
8_6.avi_100_fake,8_6.avi_100_fake.jpg,1
8_6.avi_125_fake,8_6.avi_125_fake.jpg,1
8_6.avi_150_fake,8_6.avi_150_fake.jpg,1
8_6.avi_175_fake,8_6.avi_175_fake.jpg,1
8_6.avi_25_fake,8_6.avi_25_fake.jpg,1
8_6.avi_50_fake,8_6.avi_50_fake.jpg,1
8_6.avi_75_fake,8_6.avi_75_fake.jpg,1
8_7.avi_100_fake,8_7.avi_100_fake.jpg,1
8_7.avi_125_fake,8_7.avi_125_fake.jpg,1
8_7.avi_150_fake,8_7.avi_150_fake.jpg,1
8_7.avi_175_fake,8_7.avi_175_fake.jpg,1
8_7.avi_25_fake,8_7.avi_25_fake.jpg,1
8_7.avi_50_fake,8_7.avi_50_fake.jpg,1
8_7.avi_75_fake,8_7.avi_75_fake.jpg,1
8_8.avi_100_fake,8_8.avi_100_fake.jpg,1
8_8.avi_25_fake,8_8.avi_25_fake.jpg,1
8_8.avi_50_fake,8_8.avi_50_fake.jpg,1
8_8.avi_75_fake,8_8.avi_75_fake.jpg,1
8_HR_1.avi_100_real,8_HR_1.avi_100_real.jpg,0
8_HR_1.avi_125_real,8_HR_1.avi_125_real.jpg,0
8_HR_1.avi_150_real,8_HR_1.avi_150_real.jpg,0
8_HR_1.avi_175_real,8_HR_1.avi_175_real.jpg,0
8_HR_1.avi_25_real,8_HR_1.avi_25_real.jpg,0
8_HR_1.avi_50_real,8_HR_1.avi_50_real.jpg,0
8_HR_1.avi_75_real,8_HR_1.avi_75_real.jpg,0
8_HR_2.avi_100_fake,8_HR_2.avi_100_fake.jpg,1
8_HR_2.avi_125_fake,8_HR_2.avi_125_fake.jpg,1
8_HR_2.avi_150_fake,8_HR_2.avi_150_fake.jpg,1
8_HR_2.avi_175_fake,8_HR_2.avi_175_fake.jpg,1
8_HR_2.avi_200_fake,8_HR_2.avi_200_fake.jpg,1
8_HR_2.avi_225_fake,8_HR_2.avi_225_fake.jpg,1
8_HR_2.avi_25_fake,8_HR_2.avi_25_fake.jpg,1
8_HR_2.avi_50_fake,8_HR_2.avi_50_fake.jpg,1
8_HR_2.avi_75_fake,8_HR_2.avi_75_fake.jpg,1
8_HR_3.avi_100_fake,8_HR_3.avi_100_fake.jpg,1
8_HR_3.avi_125_fake,8_HR_3.avi_125_fake.jpg,1
8_HR_3.avi_25_fake,8_HR_3.avi_25_fake.jpg,1
8_HR_3.avi_50_fake,8_HR_3.avi_50_fake.jpg,1
8_HR_3.avi_75_fake,8_HR_3.avi_75_fake.jpg,1
8_HR_4.avi_100_fake,8_HR_4.avi_100_fake.jpg,1
8_HR_4.avi_125_fake,8_HR_4.avi_125_fake.jpg,1
8_HR_4.avi_150_fake,8_HR_4.avi_150_fake.jpg,1
8_HR_4.avi_175_fake,8_HR_4.avi_175_fake.jpg,1
8_HR_4.avi_25_fake,8_HR_4.avi_25_fake.jpg,1
8_HR_4.avi_50_fake,8_HR_4.avi_50_fake.jpg,1
8_HR_4.avi_75_fake,8_HR_4.avi_75_fake.jpg,1
9_1.avi_100_real,9_1.avi_100_real.jpg,0
9_1.avi_125_real,9_1.avi_125_real.jpg,0
9_1.avi_150_real,9_1.avi_150_real.jpg,0
9_1.avi_175_real,9_1.avi_175_real.jpg,0
9_1.avi_25_real,9_1.avi_25_real.jpg,0
9_1.avi_50_real,9_1.avi_50_real.jpg,0
9_1.avi_75_real,9_1.avi_75_real.jpg,0
9_2.avi_100_real,9_2.avi_100_real.jpg,0
9_2.avi_125_real,9_2.avi_125_real.jpg,0
9_2.avi_150_real,9_2.avi_150_real.jpg,0
9_2.avi_175_real,9_2.avi_175_real.jpg,0
9_2.avi_200_real,9_2.avi_200_real.jpg,0
9_2.avi_25_real,9_2.avi_25_real.jpg,0
9_2.avi_50_real,9_2.avi_50_real.jpg,0
9_2.avi_75_real,9_2.avi_75_real.jpg,0
9_3.avi_100_fake,9_3.avi_100_fake.jpg,1
9_3.avi_125_fake,9_3.avi_125_fake.jpg,1
9_3.avi_150_fake,9_3.avi_150_fake.jpg,1
9_3.avi_175_fake,9_3.avi_175_fake.jpg,1
9_3.avi_200_fake,9_3.avi_200_fake.jpg,1
9_3.avi_25_fake,9_3.avi_25_fake.jpg,1
9_3.avi_50_fake,9_3.avi_50_fake.jpg,1
9_3.avi_75_fake,9_3.avi_75_fake.jpg,1
9_4.avi_100_fake,9_4.avi_100_fake.jpg,1
9_4.avi_125_fake,9_4.avi_125_fake.jpg,1
9_4.avi_150_fake,9_4.avi_150_fake.jpg,1
9_4.avi_175_fake,9_4.avi_175_fake.jpg,1
9_4.avi_25_fake,9_4.avi_25_fake.jpg,1
9_4.avi_50_fake,9_4.avi_50_fake.jpg,1
9_4.avi_75_fake,9_4.avi_75_fake.jpg,1
9_5.avi_100_fake,9_5.avi_100_fake.jpg,1
9_5.avi_125_fake,9_5.avi_125_fake.jpg,1
9_5.avi_150_fake,9_5.avi_150_fake.jpg,1
9_5.avi_175_fake,9_5.avi_175_fake.jpg,1
9_5.avi_25_fake,9_5.avi_25_fake.jpg,1
9_5.avi_50_fake,9_5.avi_50_fake.jpg,1
9_5.avi_75_fake,9_5.avi_75_fake.jpg,1
9_6.avi_100_fake,9_6.avi_100_fake.jpg,1
9_6.avi_125_fake,9_6.avi_125_fake.jpg,1
9_6.avi_150_fake,9_6.avi_150_fake.jpg,1
9_6.avi_175_fake,9_6.avi_175_fake.jpg,1
9_6.avi_25_fake,9_6.avi_25_fake.jpg,1
9_6.avi_50_fake,9_6.avi_50_fake.jpg,1
9_6.avi_75_fake,9_6.avi_75_fake.jpg,1
9_7.avi_100_fake,9_7.avi_100_fake.jpg,1
9_7.avi_125_fake,9_7.avi_125_fake.jpg,1
9_7.avi_25_fake,9_7.avi_25_fake.jpg,1
9_7.avi_50_fake,9_7.avi_50_fake.jpg,1
9_7.avi_75_fake,9_7.avi_75_fake.jpg,1
9_8.avi_100_fake,9_8.avi_100_fake.jpg,1
9_8.avi_125_fake,9_8.avi_125_fake.jpg,1
9_8.avi_25_fake,9_8.avi_25_fake.jpg,1
9_8.avi_50_fake,9_8.avi_50_fake.jpg,1
9_8.avi_75_fake,9_8.avi_75_fake.jpg,1
9_HR_1.avi_100_real,9_HR_1.avi_100_real.jpg,0
9_HR_1.avi_125_real,9_HR_1.avi_125_real.jpg,0
9_HR_1.avi_150_real,9_HR_1.avi_150_real.jpg,0
9_HR_1.avi_25_real,9_HR_1.avi_25_real.jpg,0
9_HR_1.avi_50_real,9_HR_1.avi_50_real.jpg,0
9_HR_1.avi_75_real,9_HR_1.avi_75_real.jpg,0
9_HR_2.avi_100_fake,9_HR_2.avi_100_fake.jpg,1
9_HR_2.avi_125_fake,9_HR_2.avi_125_fake.jpg,1
9_HR_2.avi_150_fake,9_HR_2.avi_150_fake.jpg,1
9_HR_2.avi_175_fake,9_HR_2.avi_175_fake.jpg,1
9_HR_2.avi_200_fake,9_HR_2.avi_200_fake.jpg,1
9_HR_2.avi_25_fake,9_HR_2.avi_25_fake.jpg,1
9_HR_2.avi_50_fake,9_HR_2.avi_50_fake.jpg,1
9_HR_2.avi_75_fake,9_HR_2.avi_75_fake.jpg,1
9_HR_3.avi_100_fake,9_HR_3.avi_100_fake.jpg,1
9_HR_3.avi_25_fake,9_HR_3.avi_25_fake.jpg,1
9_HR_3.avi_50_fake,9_HR_3.avi_50_fake.jpg,1
9_HR_3.avi_75_fake,9_HR_3.avi_75_fake.jpg,1
9_HR_4.avi_100_fake,9_HR_4.avi_100_fake.jpg,1
9_HR_4.avi_125_fake,9_HR_4.avi_125_fake.jpg,1
9_HR_4.avi_25_fake,9_HR_4.avi_25_fake.jpg,1
9_HR_4.avi_50_fake,9_HR_4.avi_50_fake.jpg,1
9_HR_4.avi_75_fake,9_HR_4.avi_75_fake.jpg,1
